{"__symbolic":"module","version":4,"metadata":{"ɵangular_packages_platform_browser_platform_browser_a":{"__symbolic":"function","parameters":[],"value":{"__symbolic":"new","expression":{"__symbolic":"reference","module":"@angular/core","name":"ErrorHandler","line":55,"character":13}}},"ɵangular_packages_platform_browser_platform_browser_b":{"__symbolic":"function","parameters":[],"value":{"__symbolic":"reference","name":"document"}},"ɵangular_packages_platform_browser_platform_browser_c":[{"__symbolic":"reference","name":"ɵBROWSER_SANITIZATION_PROVIDERS"},{"provide":{"__symbolic":"reference","module":"@angular/core","name":"ɵAPP_ROOT","line":64,"character":12},"useValue":true},{"provide":{"__symbolic":"reference","module":"@angular/core","name":"ErrorHandler","line":65,"character":12},"useFactory":{"__symbolic":"reference","name":"ɵangular_packages_platform_browser_platform_browser_a"},"deps":[]},{"provide":{"__symbolic":"reference","name":"EVENT_MANAGER_PLUGINS"},"useClass":{"__symbolic":"reference","name":"ɵDomEventsPlugin"},"multi":true,"deps":[{"__symbolic":"reference","name":"DOCUMENT","module":"@angular/common"},{"__symbolic":"reference","module":"@angular/core","name":"NgZone","line":70,"character":21},{"__symbolic":"reference","module":"@angular/core","name":"PLATFORM_ID","line":70,"character":29}]},{"provide":{"__symbolic":"reference","name":"EVENT_MANAGER_PLUGINS"},"useClass":{"__symbolic":"reference","name":"ɵKeyEventsPlugin"},"multi":true,"deps":[{"__symbolic":"reference","name":"DOCUMENT","module":"@angular/common"}]},{"provide":{"__symbolic":"reference","name":"EVENT_MANAGER_PLUGINS"},"useClass":{"__symbolic":"reference","name":"ɵHammerGesturesPlugin"},"multi":true,"deps":[{"__symbolic":"reference","name":"DOCUMENT","module":"@angular/common"},{"__symbolic":"reference","name":"HAMMER_GESTURE_CONFIG"},{"__symbolic":"reference","module":"@angular/core","name":"ɵConsole","line":77,"character":44},[{"__symbolic":"new","expression":{"__symbolic":"reference","module":"@angular/core","name":"Optional","line":77,"character":58}},{"__symbolic":"reference","name":"HAMMER_LOADER"}]]},{"provide":{"__symbolic":"reference","name":"HAMMER_GESTURE_CONFIG"},"useClass":{"__symbolic":"reference","name":"HammerGestureConfig"},"deps":[]},{"provide":{"__symbolic":"reference","name":"ɵDomRendererFactory2"},"useClass":{"__symbolic":"reference","name":"ɵDomRendererFactory2"},"deps":[{"__symbolic":"reference","name":"EventManager"},{"__symbolic":"reference","name":"ɵDomSharedStylesHost"}]},{"provide":{"__symbolic":"reference","module":"@angular/core","name":"RendererFactory2","line":85,"character":12},"useExisting":{"__symbolic":"reference","name":"ɵDomRendererFactory2"}},{"provide":{"__symbolic":"reference","name":"ɵSharedStylesHost"},"useExisting":{"__symbolic":"reference","name":"ɵDomSharedStylesHost"}},{"provide":{"__symbolic":"reference","name":"ɵDomSharedStylesHost"},"useClass":{"__symbolic":"reference","name":"ɵDomSharedStylesHost"},"deps":[{"__symbolic":"reference","name":"DOCUMENT","module":"@angular/common"}]},{"provide":{"__symbolic":"reference","module":"@angular/core","name":"Testability","line":88,"character":12},"useClass":{"__symbolic":"reference","module":"@angular/core","name":"Testability","line":88,"character":35},"deps":[{"__symbolic":"reference","module":"@angular/core","name":"NgZone","line":88,"character":55}]},{"provide":{"__symbolic":"reference","name":"EventManager"},"useClass":{"__symbolic":"reference","name":"EventManager"},"deps":[{"__symbolic":"reference","name":"EVENT_MANAGER_PLUGINS"},{"__symbolic":"reference","module":"@angular/core","name":"NgZone","line":89,"character":80}]},{"__symbolic":"reference","name":"ɵELEMENT_PROBE_PROVIDERS"}],"ɵangular_packages_platform_browser_platform_browser_d":{"__symbolic":"function","parameters":[],"value":{"__symbolic":"new","expression":{"__symbolic":"reference","name":"Meta"},"arguments":[{"__symbolic":"call","expression":{"__symbolic":"reference","module":"@angular/core","name":"inject","line":36,"character":18},"arguments":[{"__symbolic":"reference","name":"DOCUMENT","module":"@angular/common"}]}]}},"ɵangular_packages_platform_browser_platform_browser_e":{"__symbolic":"function","parameters":[],"value":{"__symbolic":"new","expression":{"__symbolic":"reference","name":"Title"},"arguments":[{"__symbolic":"call","expression":{"__symbolic":"reference","module":"@angular/core","name":"inject","line":17,"character":19},"arguments":[{"__symbolic":"reference","name":"DOCUMENT","module":"@angular/common"}]}]}},"ɵangular_packages_platform_browser_platform_browser_f":{"__symbolic":"function"},"ɵangular_packages_platform_browser_platform_browser_g":{"__symbolic":"class","members":{"__ctor__":[{"__symbolic":"constructor","parameters":[{"__symbolic":"reference","name":"any"}]}],"supports":[{"__symbolic":"method"}],"addEventListener":[{"__symbolic":"method"}],"addGlobalEventListener":[{"__symbolic":"method"}]}},"ɵangular_packages_platform_browser_platform_browser_h":{"__symbolic":"function","parameters":["transitionId","document","injector"],"value":{"__symbolic":"error","message":"Lambda not supported","line":20,"character":9,"module":"./src/browser/server-transition"}},"ɵangular_packages_platform_browser_platform_browser_i":[{"provide":{"__symbolic":"reference","module":"@angular/core","name":"APP_INITIALIZER","line":35,"character":13},"useFactory":{"__symbolic":"reference","name":"ɵangular_packages_platform_browser_platform_browser_h"},"deps":[{"__symbolic":"reference","name":"ɵTRANSITION_ID"},{"__symbolic":"reference","name":"DOCUMENT","module":"@angular/common"},{"__symbolic":"reference","module":"@angular/core","name":"Injector","line":37,"character":36}],"multi":true}],"ɵangular_packages_platform_browser_platform_browser_j":{"__symbolic":"function"},"BrowserModule":{"__symbolic":"class","decorators":[{"__symbolic":"call","expression":{"__symbolic":"reference","module":"@angular/core","name":"NgModule","line":102,"character":1},"arguments":[{"providers":{"__symbolic":"reference","name":"ɵangular_packages_platform_browser_platform_browser_c"},"exports":[{"__symbolic":"reference","module":"@angular/common","name":"CommonModule","line":102,"character":58},{"__symbolic":"reference","module":"@angular/core","name":"ApplicationModule","line":102,"character":72}]}]}],"members":{"__ctor__":[{"__symbolic":"constructor","parameterDecorators":[[{"__symbolic":"call","expression":{"__symbolic":"reference","module":"@angular/core","name":"Optional","line":104,"character":15}},{"__symbolic":"call","expression":{"__symbolic":"reference","module":"@angular/core","name":"SkipSelf","line":104,"character":27}},{"__symbolic":"call","expression":{"__symbolic":"reference","module":"@angular/core","name":"Inject","line":104,"character":39},"arguments":[{"__symbolic":"reference","name":"BrowserModule"}]}]],"parameters":[{"__symbolic":"reference","name":"BrowserModule"}]}]},"statics":{"withServerTransition":{"__symbolic":"function","parameters":["params"],"value":{"ngModule":{"__symbolic":"reference","name":"BrowserModule"},"providers":[{"provide":{"__symbolic":"reference","module":"@angular/core","name":"APP_ID","line":123,"character":18},"useValue":{"__symbolic":"select","expression":{"__symbolic":"reference","name":"params"},"member":"appId"}},{"provide":{"__symbolic":"reference","name":"ɵTRANSITION_ID"},"useExisting":{"__symbolic":"reference","module":"@angular/core","name":"APP_ID","line":124,"character":46}},{"__symbolic":"reference","name":"ɵangular_packages_platform_browser_platform_browser_i"}]}}}},"platformBrowser":{"__symbolic":"call","expression":{"__symbolic":"reference","module":"@angular/core","name":"createPlatformFactory","line":47,"character":4},"arguments":[{"__symbolic":"reference","module":"@angular/core","name":"platformCore","line":47,"character":26},"browser",{"__symbolic":"reference","name":"ɵINTERNAL_BROWSER_PLATFORM_PROVIDERS"}]},"Meta":{"__symbolic":"class","decorators":[{"__symbolic":"call","expression":{"__symbolic":"reference","module":"@angular/core","name":"Injectable","line":44,"character":1},"arguments":[{"providedIn":"root","useFactory":{"__symbolic":"reference","name":"ɵangular_packages_platform_browser_platform_browser_d"},"deps":[]}]}],"members":{"__ctor__":[{"__symbolic":"constructor","parameterDecorators":[[{"__symbolic":"call","expression":{"__symbolic":"reference","module":"@angular/core","name":"Inject","line":47,"character":15},"arguments":[{"__symbolic":"reference","name":"DOCUMENT","module":"@angular/common"}]}]],"parameters":[{"__symbolic":"reference","name":"any"}]}],"addTag":[{"__symbolic":"method"}],"addTags":[{"__symbolic":"method"}],"getTag":[{"__symbolic":"method"}],"getTags":[{"__symbolic":"method"}],"updateTag":[{"__symbolic":"method"}],"removeTag":[{"__symbolic":"method"}],"removeTagElement":[{"__symbolic":"method"}],"_getOrCreateElement":[{"__symbolic":"method"}],"_setMetaElementAttributes":[{"__symbolic":"method"}],"_parseSelector":[{"__symbolic":"method"}],"_containsAttributes":[{"__symbolic":"method"}]},"statics":{"ngInjectableDef":{}}},"MetaDefinition":{"__symbolic":"interface"},"Title":{"__symbolic":"class","decorators":[{"__symbolic":"call","expression":{"__symbolic":"reference","module":"@angular/core","name":"Injectable","line":30,"character":1},"arguments":[{"providedIn":"root","useFactory":{"__symbolic":"reference","name":"ɵangular_packages_platform_browser_platform_browser_e"},"deps":[]}]}],"members":{"__ctor__":[{"__symbolic":"constructor","parameterDecorators":[[{"__symbolic":"call","expression":{"__symbolic":"reference","module":"@angular/core","name":"Inject","line":32,"character":15},"arguments":[{"__symbolic":"reference","name":"DOCUMENT","module":"@angular/common"}]}]],"parameters":[{"__symbolic":"reference","name":"any"}]}],"getTitle":[{"__symbolic":"method"}],"setTitle":[{"__symbolic":"method"}]},"statics":{"ngInjectableDef":{}}},"disableDebugTools":{"__symbolic":"function"},"enableDebugTools":{"__symbolic":"function"},"BrowserTransferStateModule":{"__symbolic":"class","decorators":[{"__symbolic":"call","expression":{"__symbolic":"reference","module":"@angular/core","name":"NgModule","line":160,"character":1},"arguments":[{"providers":[{"provide":{"__symbolic":"reference","name":"TransferState"},"useFactory":{"__symbolic":"reference","name":"ɵangular_packages_platform_browser_platform_browser_f"},"deps":[{"__symbolic":"reference","name":"DOCUMENT","module":"@angular/common"},{"__symbolic":"reference","module":"@angular/core","name":"APP_ID","line":161,"character":87}]}]}]}],"members":{}},"StateKey":{"__symbolic":"interface"},"TransferState":{"__symbolic":"class","decorators":[{"__symbolic":"call","expression":{"__symbolic":"reference","module":"@angular/core","name":"Injectable","line":80,"character":1}}],"members":{"get":[{"__symbolic":"method"}],"set":[{"__symbolic":"method"}],"remove":[{"__symbolic":"method"}],"hasKey":[{"__symbolic":"method"}],"onSerialize":[{"__symbolic":"method"}],"toJson":[{"__symbolic":"method"}]}},"makeStateKey":{"__symbolic":"function","parameters":["key"],"value":{"__symbolic":"reference","name":"key"}},"By":{"__symbolic":"class","members":{},"statics":{"all":{"__symbolic":"function","parameters":[],"value":{"__symbolic":"error","message":"Lambda not supported","line":27,"character":49,"module":"./src/dom/debug/by"}},"css":{"__symbolic":"function","parameters":["selector"],"value":{"__symbolic":"error","message":"Lambda not supported","line":38,"character":11,"module":"./src/dom/debug/by"}},"directive":{"__symbolic":"function","parameters":["type"],"value":{"__symbolic":"error","message":"Lambda not supported","line":54,"character":11,"module":"./src/dom/debug/by"}}}},"EVENT_MANAGER_PLUGINS":{"__symbolic":"new","expression":{"__symbolic":"reference","module":"@angular/core","name":"InjectionToken","line":18,"character":8},"arguments":["EventManagerPlugins"]},"EventManager":{"__symbolic":"class","decorators":[{"__symbolic":"call","expression":{"__symbolic":"reference","module":"@angular/core","name":"Injectable","line":26,"character":1}}],"members":{"__ctor__":[{"__symbolic":"constructor","parameterDecorators":[[{"__symbolic":"call","expression":{"__symbolic":"reference","module":"@angular/core","name":"Inject","line":34,"character":15},"arguments":[{"__symbolic":"reference","name":"EVENT_MANAGER_PLUGINS"}]}],null],"parameters":[{"__symbolic":"reference","name":"Array","arguments":[{"__symbolic":"reference","name":"ɵangular_packages_platform_browser_platform_browser_g"}]},{"__symbolic":"reference","module":"@angular/core","name":"NgZone","line":34,"character":91}]}],"addEventListener":[{"__symbolic":"method"}],"addGlobalEventListener":[{"__symbolic":"method"}],"getZone":[{"__symbolic":"method"}],"_findPluginFor":[{"__symbolic":"method"}]}},"HAMMER_GESTURE_CONFIG":{"__symbolic":"new","expression":{"__symbolic":"reference","module":"@angular/core","name":"InjectionToken","line":61,"character":41},"arguments":["HammerGestureConfig"]},"HAMMER_LOADER":{"__symbolic":"new","expression":{"__symbolic":"reference","module":"@angular/core","name":"InjectionToken","line":76,"character":33},"arguments":["HammerLoader"]},"HammerGestureConfig":{"__symbolic":"class","decorators":[{"__symbolic":"call","expression":{"__symbolic":"reference","module":"@angular/core","name":"Injectable","line":89,"character":1}}],"members":{"buildHammer":[{"__symbolic":"method"}]}},"HammerLoader":{"__symbolic":"interface"},"DomSanitizer":{"__symbolic":"class","members":{"sanitize":[{"__symbolic":"method"}],"bypassSecurityTrustHtml":[{"__symbolic":"method"}],"bypassSecurityTrustStyle":[{"__symbolic":"method"}],"bypassSecurityTrustScript":[{"__symbolic":"method"}],"bypassSecurityTrustUrl":[{"__symbolic":"method"}],"bypassSecurityTrustResourceUrl":[{"__symbolic":"method"}]}},"SafeHtml":{"__symbolic":"interface"},"SafeResourceUrl":{"__symbolic":"interface"},"SafeScript":{"__symbolic":"interface"},"SafeStyle":{"__symbolic":"interface"},"SafeUrl":{"__symbolic":"interface"},"SafeValue":{"__symbolic":"interface"},"ɵBROWSER_SANITIZATION_PROVIDERS":[{"provide":{"__symbolic":"reference","module":"@angular/core","name":"Sanitizer","line":39,"character":12},"useExisting":{"__symbolic":"reference","name":"DomSanitizer"}},{"provide":{"__symbolic":"reference","name":"DomSanitizer"},"useClass":{"__symbolic":"reference","name":"ɵDomSanitizerImpl"},"deps":[{"__symbolic":"reference","name":"DOCUMENT","module":"@angular/common"}]}],"ɵINTERNAL_BROWSER_PLATFORM_PROVIDERS":[{"provide":{"__symbolic":"reference","module":"@angular/core","name":"PLATFORM_ID","line":26,"character":12},"useValue":{"__symbolic":"reference","module":"@angular/common","name":"ɵPLATFORM_BROWSER_ID","line":26,"character":35}},{"provide":{"__symbolic":"reference","module":"@angular/core","name":"PLATFORM_INITIALIZER","line":27,"character":12},"useValue":{"__symbolic":"reference","name":"ɵinitDomAdapter"},"multi":true},{"provide":{"__symbolic":"reference","module":"@angular/common","name":"PlatformLocation","line":28,"character":12},"useClass":{"__symbolic":"reference","name":"ɵBrowserPlatformLocation"},"deps":[{"__symbolic":"reference","name":"DOCUMENT","module":"@angular/common"}]},{"provide":{"__symbolic":"reference","name":"DOCUMENT","module":"@angular/common"},"useFactory":{"__symbolic":"reference","name":"ɵangular_packages_platform_browser_platform_browser_b"},"deps":[]}],"ɵinitDomAdapter":{"__symbolic":"function"},"ɵBrowserDomAdapter":{"__symbolic":"class","extends":{"__symbolic":"reference","name":"ɵangular_packages_platform_browser_platform_browser_k"},"members":{"parse":[{"__symbolic":"method"}],"hasProperty":[{"__symbolic":"method"}],"setProperty":[{"__symbolic":"method"}],"getProperty":[{"__symbolic":"method"}],"invoke":[{"__symbolic":"method"}],"logError":[{"__symbolic":"method"}],"log":[{"__symbolic":"method"}],"logGroup":[{"__symbolic":"method"}],"logGroupEnd":[{"__symbolic":"method"}],"contains":[{"__symbolic":"method"}],"querySelector":[{"__symbolic":"method"}],"querySelectorAll":[{"__symbolic":"method"}],"on":[{"__symbolic":"method"}],"onAndCancel":[{"__symbolic":"method"}],"dispatchEvent":[{"__symbolic":"method"}],"createMouseEvent":[{"__symbolic":"method"}],"createEvent":[{"__symbolic":"method"}],"preventDefault":[{"__symbolic":"method"}],"isPrevented":[{"__symbolic":"method"}],"getInnerHTML":[{"__symbolic":"method"}],"getTemplateContent":[{"__symbolic":"method"}],"getOuterHTML":[{"__symbolic":"method"}],"nodeName":[{"__symbolic":"method"}],"nodeValue":[{"__symbolic":"method"}],"type":[{"__symbolic":"method"}],"content":[{"__symbolic":"method"}],"firstChild":[{"__symbolic":"method"}],"nextSibling":[{"__symbolic":"method"}],"parentElement":[{"__symbolic":"method"}],"childNodes":[{"__symbolic":"method"}],"childNodesAsList":[{"__symbolic":"method"}],"clearNodes":[{"__symbolic":"method"}],"appendChild":[{"__symbolic":"method"}],"removeChild":[{"__symbolic":"method"}],"replaceChild":[{"__symbolic":"method"}],"remove":[{"__symbolic":"method"}],"insertBefore":[{"__symbolic":"method"}],"insertAllBefore":[{"__symbolic":"method"}],"insertAfter":[{"__symbolic":"method"}],"setInnerHTML":[{"__symbolic":"method"}],"getText":[{"__symbolic":"method"}],"setText":[{"__symbolic":"method"}],"getValue":[{"__symbolic":"method"}],"setValue":[{"__symbolic":"method"}],"getChecked":[{"__symbolic":"method"}],"setChecked":[{"__symbolic":"method"}],"createComment":[{"__symbolic":"method"}],"createTemplate":[{"__symbolic":"method"}],"createElement":[{"__symbolic":"method"}],"createElementNS":[{"__symbolic":"method"}],"createTextNode":[{"__symbolic":"method"}],"createScriptTag":[{"__symbolic":"method"}],"createStyleElement":[{"__symbolic":"method"}],"createShadowRoot":[{"__symbolic":"method"}],"getShadowRoot":[{"__symbolic":"method"}],"getHost":[{"__symbolic":"method"}],"clone":[{"__symbolic":"method"}],"getElementsByClassName":[{"__symbolic":"method"}],"getElementsByTagName":[{"__symbolic":"method"}],"classList":[{"__symbolic":"method"}],"addClass":[{"__symbolic":"method"}],"removeClass":[{"__symbolic":"method"}],"hasClass":[{"__symbolic":"method"}],"setStyle":[{"__symbolic":"method"}],"removeStyle":[{"__symbolic":"method"}],"getStyle":[{"__symbolic":"method"}],"hasStyle":[{"__symbolic":"method"}],"tagName":[{"__symbolic":"method"}],"attributeMap":[{"__symbolic":"method"}],"hasAttribute":[{"__symbolic":"method"}],"hasAttributeNS":[{"__symbolic":"method"}],"getAttribute":[{"__symbolic":"method"}],"getAttributeNS":[{"__symbolic":"method"}],"setAttribute":[{"__symbolic":"method"}],"setAttributeNS":[{"__symbolic":"method"}],"removeAttribute":[{"__symbolic":"method"}],"removeAttributeNS":[{"__symbolic":"method"}],"templateAwareRoot":[{"__symbolic":"method"}],"createHtmlDocument":[{"__symbolic":"method"}],"getDefaultDocument":[{"__symbolic":"method"}],"getBoundingClientRect":[{"__symbolic":"method"}],"getTitle":[{"__symbolic":"method"}],"setTitle":[{"__symbolic":"method"}],"elementMatches":[{"__symbolic":"method"}],"isTemplateElement":[{"__symbolic":"method"}],"isTextNode":[{"__symbolic":"method"}],"isCommentNode":[{"__symbolic":"method"}],"isElementNode":[{"__symbolic":"method"}],"hasShadowRoot":[{"__symbolic":"method"}],"isShadowRoot":[{"__symbolic":"method"}],"importIntoDoc":[{"__symbolic":"method"}],"adoptNode":[{"__symbolic":"method"}],"getHref":[{"__symbolic":"method"}],"getEventKey":[{"__symbolic":"method"}],"getGlobalEventTarget":[{"__symbolic":"method"}],"getHistory":[{"__symbolic":"method"}],"getLocation":[{"__symbolic":"method"}],"getBaseHref":[{"__symbolic":"method"}],"resetBaseElement":[{"__symbolic":"method"}],"getUserAgent":[{"__symbolic":"method"}],"setData":[{"__symbolic":"method"}],"getData":[{"__symbolic":"method"}],"getComputedStyle":[{"__symbolic":"method"}],"supportsWebAnimation":[{"__symbolic":"method"}],"performanceNow":[{"__symbolic":"method"}],"supportsCookies":[{"__symbolic":"method"}],"getCookie":[{"__symbolic":"method"}],"setCookie":[{"__symbolic":"method"}]}},"ɵBrowserPlatformLocation":{"__symbolic":"class","extends":{"__symbolic":"reference","module":"@angular/common","name":"PlatformLocation","line":24,"character":45},"decorators":[{"__symbolic":"call","expression":{"__symbolic":"reference","module":"@angular/core","name":"Injectable","line":23,"character":1}}],"members":{"__ctor__":[{"__symbolic":"constructor","parameterDecorators":[[{"__symbolic":"call","expression":{"__symbolic":"reference","module":"@angular/core","name":"Inject","line":30,"character":15},"arguments":[{"__symbolic":"reference","name":"DOCUMENT","module":"@angular/common"}]}]],"parameters":[{"__symbolic":"reference","name":"any"}]}],"_init":[{"__symbolic":"method"}],"getBaseHrefFromDOM":[{"__symbolic":"method"}],"onPopState":[{"__symbolic":"method"}],"onHashChange":[{"__symbolic":"method"}],"pushState":[{"__symbolic":"method"}],"replaceState":[{"__symbolic":"method"}],"forward":[{"__symbolic":"method"}],"back":[{"__symbolic":"method"}]}},"ɵTRANSITION_ID":{"__symbolic":"new","expression":{"__symbolic":"reference","module":"@angular/core","name":"InjectionToken","line":17,"character":33},"arguments":["TRANSITION_ID"]},"ɵBrowserGetTestability":{"__symbolic":"class","members":{"addToWindow":[{"__symbolic":"method"}],"findTestabilityInTree":[{"__symbolic":"method"}]}},"ɵescapeHtml":{"__symbolic":"function"},"ɵELEMENT_PROBE_PROVIDERS":[{"provide":{"__symbolic":"reference","module":"@angular/core","name":"APP_INITIALIZER","line":43,"character":13},"useFactory":{"__symbolic":"reference","name":"ɵangular_packages_platform_browser_platform_browser_j"},"deps":[[{"__symbolic":"reference","module":"@angular/core","name":"NgProbeToken","line":46,"character":7},{"__symbolic":"new","expression":{"__symbolic":"reference","module":"@angular/core","name":"Optional","line":46,"character":30}}]],"multi":true}],"ɵDomAdapter":{"__symbolic":"class","members":{"hasProperty":[{"__symbolic":"method"}],"setProperty":[{"__symbolic":"method"}],"getProperty":[{"__symbolic":"method"}],"invoke":[{"__symbolic":"method"}],"logError":[{"__symbolic":"method"}],"log":[{"__symbolic":"method"}],"logGroup":[{"__symbolic":"method"}],"logGroupEnd":[{"__symbolic":"method"}],"contains":[{"__symbolic":"method"}],"parse":[{"__symbolic":"method"}],"querySelector":[{"__symbolic":"method"}],"querySelectorAll":[{"__symbolic":"method"}],"on":[{"__symbolic":"method"}],"onAndCancel":[{"__symbolic":"method"}],"dispatchEvent":[{"__symbolic":"method"}],"createMouseEvent":[{"__symbolic":"method"}],"createEvent":[{"__symbolic":"method"}],"preventDefault":[{"__symbolic":"method"}],"isPrevented":[{"__symbolic":"method"}],"getInnerHTML":[{"__symbolic":"method"}],"getTemplateContent":[{"__symbolic":"method"}],"getOuterHTML":[{"__symbolic":"method"}],"nodeName":[{"__symbolic":"method"}],"nodeValue":[{"__symbolic":"method"}],"type":[{"__symbolic":"method"}],"content":[{"__symbolic":"method"}],"firstChild":[{"__symbolic":"method"}],"nextSibling":[{"__symbolic":"method"}],"parentElement":[{"__symbolic":"method"}],"childNodes":[{"__symbolic":"method"}],"childNodesAsList":[{"__symbolic":"method"}],"clearNodes":[{"__symbolic":"method"}],"appendChild":[{"__symbolic":"method"}],"removeChild":[{"__symbolic":"method"}],"replaceChild":[{"__symbolic":"method"}],"remove":[{"__symbolic":"method"}],"insertBefore":[{"__symbolic":"method"}],"insertAllBefore":[{"__symbolic":"method"}],"insertAfter":[{"__symbolic":"method"}],"setInnerHTML":[{"__symbolic":"method"}],"getText":[{"__symbolic":"method"}],"setText":[{"__symbolic":"method"}],"getValue":[{"__symbolic":"method"}],"setValue":[{"__symbolic":"method"}],"getChecked":[{"__symbolic":"method"}],"setChecked":[{"__symbolic":"method"}],"createComment":[{"__symbolic":"method"}],"createTemplate":[{"__symbolic":"method"}],"createElement":[{"__symbolic":"method"}],"createElementNS":[{"__symbolic":"method"}],"createTextNode":[{"__symbolic":"method"}],"createScriptTag":[{"__symbolic":"method"}],"createStyleElement":[{"__symbolic":"method"}],"createShadowRoot":[{"__symbolic":"method"}],"getShadowRoot":[{"__symbolic":"method"}],"getHost":[{"__symbolic":"method"}],"getDistributedNodes":[{"__symbolic":"method"}],"clone":[{"__symbolic":"method"}],"getElementsByClassName":[{"__symbolic":"method"}],"getElementsByTagName":[{"__symbolic":"method"}],"classList":[{"__symbolic":"method"}],"addClass":[{"__symbolic":"method"}],"removeClass":[{"__symbolic":"method"}],"hasClass":[{"__symbolic":"method"}],"setStyle":[{"__symbolic":"method"}],"removeStyle":[{"__symbolic":"method"}],"getStyle":[{"__symbolic":"method"}],"hasStyle":[{"__symbolic":"method"}],"tagName":[{"__symbolic":"method"}],"attributeMap":[{"__symbolic":"method"}],"hasAttribute":[{"__symbolic":"method"}],"hasAttributeNS":[{"__symbolic":"method"}],"getAttribute":[{"__symbolic":"method"}],"getAttributeNS":[{"__symbolic":"method"}],"setAttribute":[{"__symbolic":"method"}],"setAttributeNS":[{"__symbolic":"method"}],"removeAttribute":[{"__symbolic":"method"}],"removeAttributeNS":[{"__symbolic":"method"}],"templateAwareRoot":[{"__symbolic":"method"}],"createHtmlDocument":[{"__symbolic":"method"}],"getDefaultDocument":[{"__symbolic":"method"}],"getBoundingClientRect":[{"__symbolic":"method"}],"getTitle":[{"__symbolic":"method"}],"setTitle":[{"__symbolic":"method"}],"elementMatches":[{"__symbolic":"method"}],"isTemplateElement":[{"__symbolic":"method"}],"isTextNode":[{"__symbolic":"method"}],"isCommentNode":[{"__symbolic":"method"}],"isElementNode":[{"__symbolic":"method"}],"hasShadowRoot":[{"__symbolic":"method"}],"isShadowRoot":[{"__symbolic":"method"}],"importIntoDoc":[{"__symbolic":"method"}],"adoptNode":[{"__symbolic":"method"}],"getHref":[{"__symbolic":"method"}],"getEventKey":[{"__symbolic":"method"}],"resolveAndSetHref":[{"__symbolic":"method"}],"supportsDOMEvents":[{"__symbolic":"method"}],"supportsNativeShadowDOM":[{"__symbolic":"method"}],"getGlobalEventTarget":[{"__symbolic":"method"}],"getHistory":[{"__symbolic":"method"}],"getLocation":[{"__symbolic":"method"}],"getBaseHref":[{"__symbolic":"method"}],"resetBaseElement":[{"__symbolic":"method"}],"getUserAgent":[{"__symbolic":"method"}],"setData":[{"__symbolic":"method"}],"getComputedStyle":[{"__symbolic":"method"}],"getData":[{"__symbolic":"method"}],"supportsWebAnimation":[{"__symbolic":"method"}],"performanceNow":[{"__symbolic":"method"}],"getAnimationPrefix":[{"__symbolic":"method"}],"getTransitionEnd":[{"__symbolic":"method"}],"supportsAnimation":[{"__symbolic":"method"}],"supportsCookies":[{"__symbolic":"method"}],"getCookie":[{"__symbolic":"method"}],"setCookie":[{"__symbolic":"method"}]}},"ɵgetDOM":{"__symbolic":"function","parameters":[],"value":{"__symbolic":"error","message":"Reference to a local symbol","line":10,"character":4,"context":{"name":"_DOM"},"module":"./src/dom/dom_adapter"}},"ɵsetRootDomAdapter":{"__symbolic":"function"},"ɵDomRendererFactory2":{"__symbolic":"class","decorators":[{"__symbolic":"call","expression":{"__symbolic":"reference","module":"@angular/core","name":"Injectable","line":60,"character":1}}],"members":{"__ctor__":[{"__symbolic":"constructor","parameters":[{"__symbolic":"reference","name":"EventManager"},{"__symbolic":"reference","name":"ɵDomSharedStylesHost"}]}],"createRenderer":[{"__symbolic":"method"}],"begin":[{"__symbolic":"method"}],"end":[{"__symbolic":"method"}]}},"ɵNAMESPACE_URIS":{"svg":"http://www.w3.org/2000/svg","xhtml":"http://www.w3.org/1999/xhtml","xlink":"http://www.w3.org/1999/xlink","xml":"http://www.w3.org/XML/1998/namespace","xmlns":"http://www.w3.org/2000/xmlns/","$quoted$":["svg","xhtml","xlink","xml","xmlns"]},"ɵflattenStyles":{"__symbolic":"function"},"ɵshimContentAttribute":{"__symbolic":"function","parameters":["componentShortId"],"value":{"__symbolic":"call","expression":{},"arguments":[{"__symbolic":"error","message":"Reference to a local symbol","line":21,"character":6,"context":{"name":"COMPONENT_REGEX"},"module":"./src/dom/dom_renderer"},{"__symbolic":"reference","name":"componentShortId"}]}},"ɵshimHostAttribute":{"__symbolic":"function","parameters":["componentShortId"],"value":{"__symbolic":"call","expression":{},"arguments":[{"__symbolic":"error","message":"Reference to a local symbol","line":21,"character":6,"context":{"name":"COMPONENT_REGEX"},"module":"./src/dom/dom_renderer"},{"__symbolic":"reference","name":"componentShortId"}]}},"ɵDomEventsPlugin":{"__symbolic":"class","extends":{"__symbolic":"reference","name":"ɵangular_packages_platform_browser_platform_browser_g"},"decorators":[{"__symbolic":"call","expression":{"__symbolic":"reference","module":"@angular/core","name":"Injectable","line":102,"character":1}}],"members":{"__ctor__":[{"__symbolic":"constructor","parameterDecorators":[[{"__symbolic":"call","expression":{"__symbolic":"reference","module":"@angular/core","name":"Inject","line":105,"character":7},"arguments":[{"__symbolic":"reference","name":"DOCUMENT","module":"@angular/common"}]}],null,[{"__symbolic":"call","expression":{"__symbolic":"reference","module":"@angular/core","name":"Optional","line":106,"character":7}},{"__symbolic":"call","expression":{"__symbolic":"reference","module":"@angular/core","name":"Inject","line":106,"character":19},"arguments":[{"__symbolic":"reference","module":"@angular/core","name":"PLATFORM_ID","line":106,"character":26}]}]],"parameters":[{"__symbolic":"reference","name":"any"},{"__symbolic":"reference","module":"@angular/core","name":"NgZone","line":105,"character":50},{"__symbolic":"error","message":"Expression form not supported","line":106,"character":51,"module":"./src/dom/events/dom_events"}]}],"patchEvent":[{"__symbolic":"method"}],"supports":[{"__symbolic":"method"}],"addEventListener":[{"__symbolic":"method"}],"removeEventListener":[{"__symbolic":"method"}]}},"ɵHammerGesturesPlugin":{"__symbolic":"class","extends":{"__symbolic":"reference","name":"ɵangular_packages_platform_browser_platform_browser_g"},"decorators":[{"__symbolic":"call","expression":{"__symbolic":"reference","module":"@angular/core","name":"Injectable","line":152,"character":1}}],"members":{"__ctor__":[{"__symbolic":"constructor","parameterDecorators":[[{"__symbolic":"call","expression":{"__symbolic":"reference","module":"@angular/core","name":"Inject","line":155,"character":7},"arguments":[{"__symbolic":"reference","name":"DOCUMENT","module":"@angular/common"}]}],[{"__symbolic":"call","expression":{"__symbolic":"reference","module":"@angular/core","name":"Inject","line":156,"character":7},"arguments":[{"__symbolic":"reference","name":"HAMMER_GESTURE_CONFIG"}]}],null,[{"__symbolic":"call","expression":{"__symbolic":"reference","module":"@angular/core","name":"Optional","line":157,"character":7}},{"__symbolic":"call","expression":{"__symbolic":"reference","module":"@angular/core","name":"Inject","line":157,"character":19},"arguments":[{"__symbolic":"reference","name":"HAMMER_LOADER"}]}]],"parameters":[{"__symbolic":"reference","name":"any"},{"__symbolic":"reference","name":"HammerGestureConfig"},{"__symbolic":"reference","module":"@angular/core","name":"ɵConsole","line":156,"character":92},{"__symbolic":"error","message":"Could not resolve type","line":157,"character":58,"context":{"typeName":"HammerLoader"},"module":"./src/dom/events/hammer_gestures"}]}],"supports":[{"__symbolic":"method"}],"addEventListener":[{"__symbolic":"method"}],"isCustomEvent":[{"__symbolic":"method"}]}},"ɵKeyEventsPlugin":{"__symbolic":"class","extends":{"__symbolic":"reference","name":"ɵangular_packages_platform_browser_platform_browser_g"},"decorators":[{"__symbolic":"call","expression":{"__symbolic":"reference","module":"@angular/core","name":"Injectable","line":34,"character":1}}],"members":{"__ctor__":[{"__symbolic":"constructor","parameterDecorators":[[{"__symbolic":"call","expression":{"__symbolic":"reference","module":"@angular/core","name":"Inject","line":40,"character":15},"arguments":[{"__symbolic":"reference","name":"DOCUMENT","module":"@angular/common"}]}]],"parameters":[{"__symbolic":"reference","name":"any"}]}],"supports":[{"__symbolic":"method"}],"addEventListener":[{"__symbolic":"method"}]},"statics":{"eventCallback":{"__symbolic":"function","parameters":["fullKey","handler","zone"],"value":{"__symbolic":"error","message":"Lambda not supported","line":128,"character":11,"module":"./src/dom/events/key_events"}}}},"ɵDomSharedStylesHost":{"__symbolic":"class","extends":{"__symbolic":"reference","name":"ɵSharedStylesHost"},"decorators":[{"__symbolic":"call","expression":{"__symbolic":"reference","module":"@angular/core","name":"Injectable","line":33,"character":1}}],"members":{"__ctor__":[{"__symbolic":"constructor","parameterDecorators":[[{"__symbolic":"call","expression":{"__symbolic":"reference","module":"@angular/core","name":"Inject","line":37,"character":15},"arguments":[{"__symbolic":"reference","name":"DOCUMENT","module":"@angular/common"}]}]],"parameters":[{"__symbolic":"reference","name":"any"}]}],"_addStylesToHost":[{"__symbolic":"method"}],"addHost":[{"__symbolic":"method"}],"removeHost":[{"__symbolic":"method"}],"onStylesAdded":[{"__symbolic":"method"}],"ngOnDestroy":[{"__symbolic":"method"}]}},"ɵSharedStylesHost":{"__symbolic":"class","decorators":[{"__symbolic":"call","expression":{"__symbolic":"reference","module":"@angular/core","name":"Injectable","line":12,"character":1}}],"members":{"addStyles":[{"__symbolic":"method"}],"onStylesAdded":[{"__symbolic":"method"}],"getAllStyles":[{"__symbolic":"method"}]}},"ɵDomSanitizerImpl":{"__symbolic":"class","extends":{"__symbolic":"reference","name":"DomSanitizer"},"decorators":[{"__symbolic":"call","expression":{"__symbolic":"reference","module":"@angular/core","name":"Injectable","line":146,"character":1}}],"members":{"__ctor__":[{"__symbolic":"constructor","parameterDecorators":[[{"__symbolic":"call","expression":{"__symbolic":"reference","module":"@angular/core","name":"Inject","line":148,"character":15},"arguments":[{"__symbolic":"reference","name":"DOCUMENT","module":"@angular/common"}]}]],"parameters":[{"__symbolic":"reference","name":"any"}]}],"sanitize":[{"__symbolic":"method"}],"checkNotSafeValue":[{"__symbolic":"method"}],"bypassSecurityTrustHtml":[{"__symbolic":"method"}],"bypassSecurityTrustStyle":[{"__symbolic":"method"}],"bypassSecurityTrustScript":[{"__symbolic":"method"}],"bypassSecurityTrustUrl":[{"__symbolic":"method"}],"bypassSecurityTrustResourceUrl":[{"__symbolic":"method"}]}},"VERSION":{"__symbolic":"new","expression":{"__symbolic":"reference","module":"@angular/core","name":"Version","line":19,"character":27},"arguments":["7.1.1"]},"ɵangular_packages_platform_browser_platform_browser_k":{"__symbolic":"class","extends":{"__symbolic":"reference","name":"ɵDomAdapter"},"members":{"__ctor__":[{"__symbolic":"constructor"}],"getDistributedNodes":[{"__symbolic":"method"}],"resolveAndSetHref":[{"__symbolic":"method"}],"supportsDOMEvents":[{"__symbolic":"method"}],"supportsNativeShadowDOM":[{"__symbolic":"method"}],"getAnimationPrefix":[{"__symbolic":"method"}],"getTransitionEnd":[{"__symbolic":"method"}],"supportsAnimation":[{"__symbolic":"method"}]}}},"origins":{"ɵangular_packages_platform_browser_platform_browser_a":"./src/browser","ɵangular_packages_platform_browser_platform_browser_b":"./src/browser","ɵangular_packages_platform_browser_platform_browser_c":"./src/browser","ɵangular_packages_platform_browser_platform_browser_d":"./src/browser/meta","ɵangular_packages_platform_browser_platform_browser_e":"./src/browser/title","ɵangular_packages_platform_browser_platform_browser_f":"./src/browser/transfer_state","ɵangular_packages_platform_browser_platform_browser_g":"./src/dom/events/event_manager","ɵangular_packages_platform_browser_platform_browser_h":"./src/browser/server-transition","ɵangular_packages_platform_browser_platform_browser_i":"./src/browser/server-transition","ɵangular_packages_platform_browser_platform_browser_j":"./src/dom/debug/ng_probe","BrowserModule":"./src/browser","platformBrowser":"./src/browser","Meta":"./src/browser/meta","MetaDefinition":"./src/browser/meta","Title":"./src/browser/title","disableDebugTools":"./src/browser/tools/tools","enableDebugTools":"./src/browser/tools/tools","BrowserTransferStateModule":"./src/browser/transfer_state","StateKey":"./src/browser/transfer_state","TransferState":"./src/browser/transfer_state","makeStateKey":"./src/browser/transfer_state","By":"./src/dom/debug/by","DOCUMENT":"@angular/common","EVENT_MANAGER_PLUGINS":"./src/dom/events/event_manager","EventManager":"./src/dom/events/event_manager","HAMMER_GESTURE_CONFIG":"./src/dom/events/hammer_gestures","HAMMER_LOADER":"./src/dom/events/hammer_gestures","HammerGestureConfig":"./src/dom/events/hammer_gestures","HammerLoader":"./src/dom/events/hammer_gestures","DomSanitizer":"./src/security/dom_sanitization_service","SafeHtml":"./src/security/dom_sanitization_service","SafeResourceUrl":"./src/security/dom_sanitization_service","SafeScript":"./src/security/dom_sanitization_service","SafeStyle":"./src/security/dom_sanitization_service","SafeUrl":"./src/security/dom_sanitization_service","SafeValue":"./src/security/dom_sanitization_service","ɵBROWSER_SANITIZATION_PROVIDERS":"./src/browser","ɵINTERNAL_BROWSER_PLATFORM_PROVIDERS":"./src/browser","ɵinitDomAdapter":"./src/browser","ɵBrowserDomAdapter":"./src/browser/browser_adapter","ɵBrowserPlatformLocation":"./src/browser/location/browser_platform_location","ɵTRANSITION_ID":"./src/browser/server-transition","ɵBrowserGetTestability":"./src/browser/testability","ɵescapeHtml":"./src/browser/transfer_state","ɵELEMENT_PROBE_PROVIDERS":"./src/dom/debug/ng_probe","ɵDomAdapter":"./src/dom/dom_adapter","ɵgetDOM":"./src/dom/dom_adapter","ɵsetRootDomAdapter":"./src/dom/dom_adapter","ɵDomRendererFactory2":"./src/dom/dom_renderer","ɵNAMESPACE_URIS":"./src/dom/dom_renderer","ɵflattenStyles":"./src/dom/dom_renderer","ɵshimContentAttribute":"./src/dom/dom_renderer","ɵshimHostAttribute":"./src/dom/dom_renderer","ɵDomEventsPlugin":"./src/dom/events/dom_events","ɵHammerGesturesPlugin":"./src/dom/events/hammer_gestures","ɵKeyEventsPlugin":"./src/dom/events/key_events","ɵDomSharedStylesHost":"./src/dom/shared_styles_host","ɵSharedStylesHost":"./src/dom/shared_styles_host","ɵDomSanitizerImpl":"./src/security/dom_sanitization_service","VERSION":"./src/version","ɵangular_packages_platform_browser_platform_browser_k":"./src/browser/generic_browser_adapter"},"importAs":"@angular/platform-browser"}