{"__symbolic":"module","version":4,"metadata":{"ɵangular_packages_core_core_a":{"__symbolic":"function"},"ɵangular_packages_core_core_b":{"__symbolic":"function"},"ɵangular_packages_core_core_c":{"__symbolic":"function"},"ɵangular_packages_core_core_d":{"__symbolic":"class","members":{"__ctor__":[{"__symbolic":"constructor","parameters":[{"__symbolic":"reference","name":"Array","arguments":[{"__symbolic":"reference","name":"ResolvedReflectiveProvider"}]},{"__symbolic":"reference","name":"Injector"}]}],"get":[{"__symbolic":"method"}],"resolveAndCreateChild":[{"__symbolic":"method"}],"createChildFromResolved":[{"__symbolic":"method"}],"resolveAndInstantiate":[{"__symbolic":"method"}],"instantiateResolved":[{"__symbolic":"method"}],"getProviderAtIndex":[{"__symbolic":"method"}],"_new":[{"__symbolic":"method"}],"_getMaxNumberOfObjects":[{"__symbolic":"method"}],"_instantiateProvider":[{"__symbolic":"method"}],"_instantiate":[{"__symbolic":"method"}],"_getByReflectiveDependency":[{"__symbolic":"method"}],"_getByKey":[{"__symbolic":"method"}],"_getObjByKeyId":[{"__symbolic":"method"}],"_throwOrNull":[{"__symbolic":"method"}],"_getByKeySelf":[{"__symbolic":"method"}],"_getByKeyDefault":[{"__symbolic":"method"}],"toString":[{"__symbolic":"method"}]},"statics":{"INJECTOR_KEY":{"__symbolic":"call","expression":{"__symbolic":"select","expression":{"__symbolic":"reference","module":"./reflective_key","name":"ReflectiveKey","line":270,"character":32},"member":"get"},"arguments":[{"__symbolic":"reference","module":"./injector","name":"Injector","line":270,"character":50}]}}},"ɵangular_packages_core_core_e":{"__symbolic":"class","members":{"__ctor__":[{"__symbolic":"constructor","parameters":[{"__symbolic":"reference","name":"ReflectiveKey"},{"__symbolic":"reference","name":"boolean"},{"__symbolic":"reference","name":"Self"}]}]},"statics":{"fromKey":{"__symbolic":"function","parameters":["key"],"value":{"__symbolic":"new","expression":{"__symbolic":"reference","name":"ɵangular_packages_core_core_e"},"arguments":[{"__symbolic":"reference","name":"key"},false,null]}}}},"ɵangular_packages_core_core_f":{"__symbolic":"function"},"ɵangular_packages_core_core_g":{"__symbolic":"function","parameters":[],"value":{"__symbolic":"error","message":"Reference to a non-exported function","line":38,"character":9,"context":{"name":"_randomChar"},"module":"./src/application_tokens"}},"ɵangular_packages_core_core_h":{"__symbolic":"function"},"ɵangular_packages_core_core_i":{"__symbolic":"function"},"ɵangular_packages_core_core_j":{"__symbolic":"function"},"ɵangular_packages_core_core_k":{"__symbolic":"class","members":{"__ctor__":[{"__symbolic":"constructor"}],"supports":[{"__symbolic":"method"}],"create":[{"__symbolic":"method"}]}},"ɵangular_packages_core_core_l":{"__symbolic":"class","arity":2,"members":{"__ctor__":[{"__symbolic":"constructor"}],"supports":[{"__symbolic":"method"}],"create":[{"__symbolic":"method"}]}},"ɵangular_packages_core_core_m":{"__symbolic":"function","parameters":[],"value":{"__symbolic":"reference","name":"ɵdefaultIterableDiffers"}},"ɵangular_packages_core_core_n":{"__symbolic":"function","parameters":[],"value":{"__symbolic":"reference","name":"ɵdefaultKeyValueDiffers"}},"ɵangular_packages_core_core_o":{"__symbolic":"function","parameters":["locale"],"value":{"__symbolic":"binop","operator":"||","left":{"__symbolic":"reference","name":"locale"},"right":"en-US"}},"ɵangular_packages_core_core_p":[{"provide":{"__symbolic":"reference","name":"ApplicationRef"},"useClass":{"__symbolic":"reference","name":"ApplicationRef"},"deps":[{"__symbolic":"reference","name":"NgZone"},{"__symbolic":"reference","name":"ɵConsole"},{"__symbolic":"reference","name":"Injector"},{"__symbolic":"reference","name":"ErrorHandler"},{"__symbolic":"reference","name":"ComponentFactoryResolver"},{"__symbolic":"reference","name":"ApplicationInitStatus"}]},{"provide":{"__symbolic":"reference","name":"ApplicationInitStatus"},"useClass":{"__symbolic":"reference","name":"ApplicationInitStatus"},"deps":[[{"__symbolic":"new","expression":{"__symbolic":"reference","name":"Optional"}},{"__symbolic":"reference","name":"APP_INITIALIZER"}]]},{"provide":{"__symbolic":"reference","name":"Compiler"},"useClass":{"__symbolic":"reference","name":"Compiler"},"deps":[]},{"__symbolic":"reference","name":"ɵAPP_ID_RANDOM_PROVIDER"},{"provide":{"__symbolic":"reference","name":"IterableDiffers"},"useFactory":{"__symbolic":"reference","name":"ɵangular_packages_core_core_m"},"deps":[]},{"provide":{"__symbolic":"reference","name":"KeyValueDiffers"},"useFactory":{"__symbolic":"reference","name":"ɵangular_packages_core_core_n"},"deps":[]},{"provide":{"__symbolic":"reference","name":"LOCALE_ID"},"useFactory":{"__symbolic":"reference","name":"ɵangular_packages_core_core_o"},"deps":[[{"__symbolic":"new","expression":{"__symbolic":"reference","name":"Inject"},"arguments":[{"__symbolic":"reference","name":"LOCALE_ID"}]},{"__symbolic":"new","expression":{"__symbolic":"reference","name":"Optional"}},{"__symbolic":"new","expression":{"__symbolic":"reference","name":"SkipSelf"}}]]}],"ɵangular_packages_core_core_q":{"__symbolic":"call","expression":{"__symbolic":"reference","name":"ɵangular_packages_core_core_r"}},"ɵangular_packages_core_core_r":{"__symbolic":"function"},"ɵangular_packages_core_core_s":{"__symbolic":"function","parameters":["signature","flags"],"defaults":[null,null],"value":{"__symbolic":"error","message":"Reference to a local symbol","line":37,"character":4,"context":{"name":"events"},"module":"./src/profile/wtf_impl"}},"ɵangular_packages_core_core_t":{"__symbolic":"function"},"ɵangular_packages_core_core_u":{"__symbolic":"function","parameters":["rangeType","action"],"value":{"__symbolic":"error","message":"Reference to a local symbol","line":36,"character":4,"context":{"name":"trace"},"module":"./src/profile/wtf_impl"}},"ɵangular_packages_core_core_v":{"__symbolic":"function"},"ɵangular_packages_core_core_w":{"__symbolic":"function"},"ɵangular_packages_core_core_x":{"__symbolic":"class","members":{"__ctor__":[{"__symbolic":"constructor","parameters":[{"__symbolic":"reference","name":"RendererFactory2"}]}],"createRenderer":[{"__symbolic":"method"}],"begin":[{"__symbolic":"method"}],"end":[{"__symbolic":"method"}],"whenRenderingDone":[{"__symbolic":"method"}]}},"ɵangular_packages_core_core_y":{"__symbolic":"class","members":{"logError":[{"__symbolic":"method"}]}},"ɵangular_packages_core_core_z":{"__symbolic":"function"},"ɵangular_packages_core_core_ba":{"__symbolic":"function"},"ɵangular_packages_core_core_bb":{"__symbolic":"function","parameters":[],"value":{"__symbolic":"error","message":"Reference to a local symbol","line":177,"character":4,"context":{"name":"previousOrParentTNode"},"module":"./src/render3/state"}},"ɵangular_packages_core_core_bc":{"__symbolic":"function","parameters":[],"value":{"__symbolic":"error","message":"Reference to a local symbol","line":263,"character":4,"context":{"name":"viewData"},"module":"./src/render3/state"}},"ɵangular_packages_core_core_bd":{"__symbolic":"function"},"ɵangular_packages_core_core_be":{"__symbolic":"interface"},"ɵangular_packages_core_core_bf":{"__symbolic":"interface"},"ɵangular_packages_core_core_bg":{"__symbolic":"class","arity":1,"members":{"__ctor__":[{"__symbolic":"constructor","parameters":[{"__symbolic":"reference","name":"ɵangular_packages_core_core_bf"},{"__symbolic":"error","message":"Could not resolve type","line":31,"character":61,"context":{"typeName":"T"},"module":"./src/render3/styling/player_factory"}]}]}},"ANALYZE_FOR_ENTRY_COMPONENTS":{"__symbolic":"new","expression":{"__symbolic":"reference","name":"InjectionToken"},"arguments":["AnalyzeForEntryComponents"]},"Attribute":{"__symbolic":"call","expression":{"__symbolic":"reference","name":"ɵangular_packages_core_core_a"},"arguments":["Attribute",{"__symbolic":"error","message":"Lambda not supported","line":111,"character":36,"module":"./src/metadata/di"}]},"ContentChild":{"__symbolic":"call","expression":{"__symbolic":"reference","name":"ɵangular_packages_core_core_b"},"arguments":["ContentChild",{"__symbolic":"error","message":"Lambda not supported","line":251,"character":20,"module":"./src/metadata/di"},{"__symbolic":"reference","name":"Query"}]},"ContentChildDecorator":{"__symbolic":"interface"},"ContentChildren":{"__symbolic":"call","expression":{"__symbolic":"reference","name":"ɵangular_packages_core_core_b"},"arguments":["ContentChildren",{"__symbolic":"error","message":"Lambda not supported","line":195,"character":4,"module":"./src/metadata/di"},{"__symbolic":"reference","name":"Query"}]},"ContentChildrenDecorator":{"__symbolic":"interface"},"Query":{"__symbolic":"class","members":{}},"ViewChild":{"__symbolic":"call","expression":{"__symbolic":"reference","name":"ɵangular_packages_core_core_b"},"arguments":["ViewChild",{"__symbolic":"error","message":"Lambda not supported","line":371,"character":17,"module":"./src/metadata/di"},{"__symbolic":"reference","name":"Query"}]},"ViewChildDecorator":{"__symbolic":"interface"},"ViewChildren":{"__symbolic":"call","expression":{"__symbolic":"reference","name":"ɵangular_packages_core_core_b"},"arguments":["ViewChildren",{"__symbolic":"error","message":"Lambda not supported","line":305,"character":20,"module":"./src/metadata/di"},{"__symbolic":"reference","name":"Query"}]},"ViewChildrenDecorator":{"__symbolic":"interface"},"Component":{"__symbolic":"call","expression":{"__symbolic":"reference","name":"ɵmakeDecorator"},"arguments":["Component",{"__symbolic":"error","message":"Lambda not supported","line":623,"character":17,"module":"./src/metadata/directives"},{"__symbolic":"reference","name":"any"},{"__symbolic":"reference","name":"undefined"},{"__symbolic":"error","message":"Lambda not supported","line":625,"character":4,"module":"./src/metadata/directives"}]},"ComponentDecorator":{"__symbolic":"interface"},"Directive":{"__symbolic":"call","expression":{"__symbolic":"reference","name":"ɵmakeDecorator"},"arguments":["Directive",{"__symbolic":"error","message":"Lambda not supported","line":359,"character":17,"module":"./src/metadata/directives"},{"__symbolic":"reference","name":"undefined"},{"__symbolic":"reference","name":"undefined"},{"__symbolic":"error","message":"Lambda not supported","line":360,"character":4,"module":"./src/metadata/directives"}]},"DirectiveDecorator":{"__symbolic":"interface"},"HostBinding":{"__symbolic":"call","expression":{"__symbolic":"reference","name":"ɵangular_packages_core_core_b"},"arguments":["HostBinding",{"__symbolic":"error","message":"Lambda not supported","line":889,"character":37,"module":"./src/metadata/directives"}]},"HostListener":{"__symbolic":"call","expression":{"__symbolic":"reference","name":"ɵangular_packages_core_core_b"},"arguments":["HostListener",{"__symbolic":"error","message":"Lambda not supported","line":949,"character":38,"module":"./src/metadata/directives"}]},"Input":{"__symbolic":"call","expression":{"__symbolic":"reference","name":"ɵangular_packages_core_core_b"},"arguments":["Input",{"__symbolic":"error","message":"Lambda not supported","line":796,"character":13,"module":"./src/metadata/directives"},{"__symbolic":"reference","name":"undefined"},{"__symbolic":"error","message":"Reference to a local symbol","line":778,"character":6,"context":{"name":"updateBaseDefFromIOProp"},"module":"./src/metadata/directives"}]},"Output":{"__symbolic":"call","expression":{"__symbolic":"reference","name":"ɵangular_packages_core_core_b"},"arguments":["Output",{"__symbolic":"error","message":"Lambda not supported","line":834,"character":14,"module":"./src/metadata/directives"},{"__symbolic":"reference","name":"undefined"},{"__symbolic":"error","message":"Reference to a local symbol","line":778,"character":6,"context":{"name":"updateBaseDefFromIOProp"},"module":"./src/metadata/directives"}]},"Pipe":{"__symbolic":"call","expression":{"__symbolic":"reference","name":"ɵmakeDecorator"},"arguments":["Pipe",{"__symbolic":"error","message":"Lambda not supported","line":673,"character":12,"module":"./src/metadata/directives"},{"__symbolic":"reference","name":"undefined"},{"__symbolic":"reference","name":"undefined"},{"__symbolic":"error","message":"Lambda not supported","line":674,"character":4,"module":"./src/metadata/directives"}]},"AfterContentChecked":{"__symbolic":"interface"},"AfterContentInit":{"__symbolic":"interface"},"AfterViewChecked":{"__symbolic":"interface"},"AfterViewInit":{"__symbolic":"interface"},"DoCheck":{"__symbolic":"interface"},"OnChanges":{"__symbolic":"interface"},"OnDestroy":{"__symbolic":"interface"},"OnInit":{"__symbolic":"interface"},"CUSTOM_ELEMENTS_SCHEMA":{"name":"custom-elements"},"DoBootstrap":{"__symbolic":"interface"},"ModuleWithProviders":{"__symbolic":"interface"},"NO_ERRORS_SCHEMA":{"name":"no-errors-schema"},"NgModule":{"__symbolic":"call","expression":{"__symbolic":"reference","name":"ɵmakeDecorator"},"arguments":["NgModule",{"__symbolic":"error","message":"Lambda not supported","line":325,"character":16,"module":"./src/metadata/ng_module"},{"__symbolic":"reference","name":"undefined"},{"__symbolic":"reference","name":"undefined"},{"__symbolic":"error","message":"Lambda not supported","line":337,"character":4,"module":"./src/metadata/ng_module"}]},"SchemaMetadata":{"__symbolic":"interface"},"ViewEncapsulation":{"Emulated":0,"Native":1,"None":2,"ShadowDom":3},"Version":{"__symbolic":"class","members":{"__ctor__":[{"__symbolic":"constructor","parameters":[{"__symbolic":"reference","name":"string"}]}]}},"VERSION":{"__symbolic":"new","expression":{"__symbolic":"reference","name":"Version"},"arguments":["7.1.1"]},"TypeDecorator":{"__symbolic":"interface"},"InjectDecorator":{"__symbolic":"interface"},"Inject":{"__symbolic":"call","expression":{"__symbolic":"reference","name":"ɵangular_packages_core_core_a"},"arguments":["Inject",{"__symbolic":"error","message":"Lambda not supported","line":60,"character":68,"module":"./src/di/metadata"}]},"OptionalDecorator":{"__symbolic":"interface"},"Optional":{"__symbolic":"call","expression":{"__symbolic":"reference","name":"ɵangular_packages_core_core_a"},"arguments":["Optional"]},"SelfDecorator":{"__symbolic":"interface"},"Self":{"__symbolic":"call","expression":{"__symbolic":"reference","name":"ɵangular_packages_core_core_a"},"arguments":["Self"]},"SkipSelfDecorator":{"__symbolic":"interface"},"SkipSelf":{"__symbolic":"call","expression":{"__symbolic":"reference","name":"ɵangular_packages_core_core_a"},"arguments":["SkipSelf"]},"HostDecorator":{"__symbolic":"interface"},"Host":{"__symbolic":"call","expression":{"__symbolic":"reference","name":"ɵangular_packages_core_core_a"},"arguments":["Host"]},"InjectableType":{"__symbolic":"interface"},"InjectorType":{"__symbolic":"interface"},"defineInjectable":{"__symbolic":"function","parameters":["opts"],"value":{"providedIn":{"__symbolic":"binop","operator":"||","left":{"__symbolic":"select","expression":{"__symbolic":"reference","name":"opts"},"member":"providedIn"},"right":null},"factory":{"__symbolic":"select","expression":{"__symbolic":"reference","name":"opts"},"member":"factory"},"value":{"__symbolic":"reference","name":"undefined"}}},"defineInjector":{"__symbolic":"function","parameters":["options"],"value":{"factory":{"__symbolic":"select","expression":{"__symbolic":"reference","name":"options"},"member":"factory"},"providers":{"__symbolic":"binop","operator":"||","left":{"__symbolic":"select","expression":{"__symbolic":"reference","name":"options"},"member":"providers"},"right":[]},"imports":{"__symbolic":"binop","operator":"||","left":{"__symbolic":"select","expression":{"__symbolic":"reference","name":"options"},"member":"imports"},"right":[]}}},"forwardRef":{"__symbolic":"function"},"resolveForwardRef":{"__symbolic":"function"},"ForwardRefFn":{"__symbolic":"interface"},"Injectable":{"__symbolic":"call","expression":{"__symbolic":"reference","name":"ɵmakeDecorator"},"arguments":["Injectable",{"__symbolic":"reference","name":"undefined"},{"__symbolic":"reference","name":"undefined"},{"__symbolic":"reference","name":"undefined"},{"__symbolic":"error","message":"Lambda not supported","line":68,"character":4,"module":"./src/di/injectable"}]},"InjectableDecorator":{"__symbolic":"interface"},"InjectableProvider":{"__symbolic":"interface"},"INJECTOR":{"__symbolic":"new","expression":{"__symbolic":"reference","name":"InjectionToken"},"arguments":["INJECTOR"]},"Injector":{"__symbolic":"class","members":{"get":[{"__symbolic":"method"},{"__symbolic":"method"}]},"statics":{"THROW_IF_NOT_FOUND":{"__symbolic":"new","expression":{"__symbolic":"reference","name":"Object"}},"NULL":{"__symbolic":"new","expression":{"__symbolic":"reference","name":"NullInjector"}},"ngInjectableDef":{"__symbolic":"call","expression":{"__symbolic":"reference","module":"./defs","name":"defineInjectable","line":106,"character":27},"arguments":[{"__symbolic":"error","message":"Lambda not supported","line":108,"character":13}]},"__NG_ELEMENT_ID__":{"__symbolic":"error","message":"Lambda not supported","line":112,"character":45}}},"inject":{"__symbolic":"function","parameters":["token","flags"],"defaults":[null,{"__symbolic":"select","expression":{"__symbolic":"reference","name":"InjectFlags"},"member":"Default"}],"value":{"__symbolic":"call","expression":{"__symbolic":"binop","operator":"||","left":{"__symbolic":"error","message":"Reference to a local symbol","line":64,"character":4,"context":{"name":"_injectImplementation"},"module":"./src/di/injector_compatibility"},"right":{"__symbolic":"reference","name":"ɵangular_packages_core_core_c"}},"arguments":[{"__symbolic":"reference","name":"token"},{"__symbolic":"reference","name":"flags"}]}},"InjectFlags":{"Default":0,"Host":1,"Self":2,"SkipSelf":4,"Optional":8},"ReflectiveInjector":{"__symbolic":"class","members":{"resolveAndCreateChild":[{"__symbolic":"method"}],"createChildFromResolved":[{"__symbolic":"method"}],"resolveAndInstantiate":[{"__symbolic":"method"}],"instantiateResolved":[{"__symbolic":"method"}],"get":[{"__symbolic":"method"}]},"statics":{"resolve":{"__symbolic":"function","parameters":["providers"],"value":{"__symbolic":"call","expression":{"__symbolic":"reference","name":"ɵangular_packages_core_core_f"},"arguments":[{"__symbolic":"reference","name":"providers"}]}},"fromResolvedProviders":{"__symbolic":"function","parameters":["providers","parent"],"value":{"__symbolic":"new","expression":{"__symbolic":"reference","name":"ɵangular_packages_core_core_d"},"arguments":[{"__symbolic":"reference","name":"providers"},{"__symbolic":"reference","name":"parent"}]}}}},"StaticProvider":{"__symbolic":"interface"},"ValueProvider":{"__symbolic":"interface"},"ConstructorSansProvider":{"__symbolic":"interface"},"ExistingProvider":{"__symbolic":"interface"},"FactoryProvider":{"__symbolic":"interface"},"Provider":{"__symbolic":"interface"},"TypeProvider":{"__symbolic":"interface"},"ClassProvider":{"__symbolic":"interface"},"createInjector":{"__symbolic":"function"},"ResolvedReflectiveFactory":{"__symbolic":"class","members":{"__ctor__":[{"__symbolic":"constructor","parameters":[{"__symbolic":"reference","name":"Function"},{"__symbolic":"reference","name":"Array","arguments":[{"__symbolic":"reference","name":"ɵangular_packages_core_core_e"}]}]}]}},"ResolvedReflectiveProvider":{"__symbolic":"interface"},"ReflectiveKey":{"__symbolic":"class","members":{"__ctor__":[{"__symbolic":"constructor","parameters":[{"__symbolic":"reference","name":"Object"},{"__symbolic":"reference","name":"number"}]}]},"statics":{"get":{"__symbolic":"function","parameters":["token"],"value":{"__symbolic":"call","expression":{"__symbolic":"select","expression":{"__symbolic":"reference","name":"_globalKeyRegistry"},"member":"get"},"arguments":[{"__symbolic":"call","expression":{"__symbolic":"reference","name":"resolveForwardRef"},"arguments":[{"__symbolic":"reference","name":"token"}]}]}},"numberOfKeys":{"__symbolic":"error","message":"Variable not initialized","line":52,"character":13}}},"InjectionToken":{"__symbolic":"class","arity":1,"members":{"__ctor__":[{"__symbolic":"constructor","parameters":[{"__symbolic":"reference","name":"string"},{"__symbolic":"error","message":"Expression form not supported","line":58,"character":49,"module":"./src/di/injection_token"}]}],"toString":[{"__symbolic":"method"}]}},"createPlatform":{"__symbolic":"function"},"assertPlatform":{"__symbolic":"function"},"destroyPlatform":{"__symbolic":"function"},"getPlatform":{"__symbolic":"function","parameters":[],"value":{"__symbolic":"if","condition":{"__symbolic":"binop","operator":"&&","left":{"__symbolic":"error","message":"Reference to a local symbol","line":31,"character":4,"context":{"name":"_platform"},"module":"./src/application_ref"},"right":{"__symbolic":"pre","operator":"!","operand":{"__symbolic":"error","message":"Reference to a local symbol","line":31,"character":4,"context":{"name":"_platform"},"module":"./src/application_ref"}}},"thenExpression":{"__symbolic":"error","message":"Reference to a local symbol","line":31,"character":4,"context":{"name":"_platform"},"module":"./src/application_ref"},"elseExpression":null}},"PlatformRef":{"__symbolic":"class","decorators":[{"__symbolic":"call","expression":{"__symbolic":"reference","name":"Injectable"}}],"members":{"__ctor__":[{"__symbolic":"constructor","parameters":[{"__symbolic":"reference","name":"Injector"}]}],"bootstrapModuleFactory":[{"__symbolic":"method"}],"bootstrapModule":[{"__symbolic":"method"}],"_moduleDoBootstrap":[{"__symbolic":"method"}],"onDestroy":[{"__symbolic":"method"}],"destroy":[{"__symbolic":"method"}]}},"ApplicationRef":{"__symbolic":"class","decorators":[{"__symbolic":"call","expression":{"__symbolic":"reference","name":"Injectable"}}],"members":{"__ctor__":[{"__symbolic":"constructor","parameters":[{"__symbolic":"reference","name":"NgZone"},{"__symbolic":"reference","name":"ɵConsole"},{"__symbolic":"reference","name":"Injector"},{"__symbolic":"reference","name":"ErrorHandler"},{"__symbolic":"reference","name":"ComponentFactoryResolver"},{"__symbolic":"reference","name":"ApplicationInitStatus"}]}],"bootstrap":[{"__symbolic":"method"}],"tick":[{"__symbolic":"method"}],"attachView":[{"__symbolic":"method"}],"detachView":[{"__symbolic":"method"}],"_loadComponent":[{"__symbolic":"method"}],"_unloadComponent":[{"__symbolic":"method"}],"ngOnDestroy":[{"__symbolic":"method"}]},"statics":{"_tickScope":{"__symbolic":"call","expression":{"__symbolic":"reference","module":"./profile/profile","name":"wtfCreateScope","line":354,"character":34},"arguments":["ApplicationRef#tick()"]}}},"createPlatformFactory":{"__symbolic":"function"},"NgProbeToken":{"__symbolic":"class","members":{"__ctor__":[{"__symbolic":"constructor","parameters":[{"__symbolic":"reference","name":"string"},{"__symbolic":"reference","name":"any"}]}]}},"enableProdMode":{"__symbolic":"function"},"isDevMode":{"__symbolic":"function"},"APP_ID":{"__symbolic":"new","expression":{"__symbolic":"reference","name":"InjectionToken"},"arguments":["AppId"]},"PACKAGE_ROOT_URL":{"__symbolic":"new","expression":{"__symbolic":"reference","name":"InjectionToken"},"arguments":["Application Packages Root URL"]},"PLATFORM_INITIALIZER":{"__symbolic":"new","expression":{"__symbolic":"reference","name":"InjectionToken"},"arguments":["Platform Initializer"]},"PLATFORM_ID":{"__symbolic":"new","expression":{"__symbolic":"reference","name":"InjectionToken"},"arguments":["Platform ID"]},"APP_BOOTSTRAP_LISTENER":{"__symbolic":"new","expression":{"__symbolic":"reference","name":"InjectionToken"},"arguments":["appBootstrapListener"]},"APP_INITIALIZER":{"__symbolic":"new","expression":{"__symbolic":"reference","name":"InjectionToken"},"arguments":["Application Initializer"]},"ApplicationInitStatus":{"__symbolic":"class","decorators":[{"__symbolic":"call","expression":{"__symbolic":"reference","name":"Injectable"}}],"members":{"__ctor__":[{"__symbolic":"constructor","parameterDecorators":[[{"__symbolic":"call","expression":{"__symbolic":"reference","name":"Inject"},"arguments":[{"__symbolic":"reference","name":"APP_INITIALIZER"}]},{"__symbolic":"call","expression":{"__symbolic":"reference","name":"Optional"}}]],"parameters":[{"__symbolic":"reference","name":"Array","arguments":[{"__symbolic":"error","message":"Expression form not supported","line":35,"character":69,"module":"./src/application_init"}]}]}],"runInitializers":[{"__symbolic":"method"}]}},"NgZone":{"__symbolic":"class","members":{"__ctor__":[{"__symbolic":"constructor","parameters":[null]}],"run":[{"__symbolic":"method"}],"runTask":[{"__symbolic":"method"}],"runGuarded":[{"__symbolic":"method"}],"runOutsideAngular":[{"__symbolic":"method"}]},"statics":{"isInAngularZone":{"__symbolic":"function","parameters":[],"value":{"__symbolic":"binop","operator":"===","left":{"__symbolic":"call","expression":{"__symbolic":"select","expression":{"__symbolic":"select","expression":{"__symbolic":"reference","name":"Zone"},"member":"current"},"member":"get"},"arguments":["isAngularZone"]},"right":true}}}},"ɵNoopNgZone":{"__symbolic":"class","members":{"run":[{"__symbolic":"method"}],"runGuarded":[{"__symbolic":"method"}],"runOutsideAngular":[{"__symbolic":"method"}],"runTask":[{"__symbolic":"method"}]}},"RenderComponentType":{"__symbolic":"class","members":{"__ctor__":[{"__symbolic":"constructor","parameters":[{"__symbolic":"reference","name":"string"},{"__symbolic":"reference","name":"string"},{"__symbolic":"reference","name":"number"},{"__symbolic":"reference","name":"ViewEncapsulation"},{"__symbolic":"reference","name":"Array","arguments":[{"__symbolic":"reference","name":"string"}]},{"__symbolic":"reference","name":"any"}]}]}},"Renderer":{"__symbolic":"class","members":{"selectRootElement":[{"__symbolic":"method"}],"createElement":[{"__symbolic":"method"}],"createViewRoot":[{"__symbolic":"method"}],"createTemplateAnchor":[{"__symbolic":"method"}],"createText":[{"__symbolic":"method"}],"projectNodes":[{"__symbolic":"method"}],"attachViewAfter":[{"__symbolic":"method"}],"detachView":[{"__symbolic":"method"}],"destroyView":[{"__symbolic":"method"}],"listen":[{"__symbolic":"method"}],"listenGlobal":[{"__symbolic":"method"}],"setElementProperty":[{"__symbolic":"method"}],"setElementAttribute":[{"__symbolic":"method"}],"setBindingDebugInfo":[{"__symbolic":"method"}],"setElementClass":[{"__symbolic":"method"}],"setElementStyle":[{"__symbolic":"method"}],"invokeElementMethod":[{"__symbolic":"method"}],"setText":[{"__symbolic":"method"}],"animate":[{"__symbolic":"method"}]}},"Renderer2":{"__symbolic":"class","members":{"destroy":[{"__symbolic":"method"}],"createElement":[{"__symbolic":"method"}],"createComment":[{"__symbolic":"method"}],"createText":[{"__symbolic":"method"}],"appendChild":[{"__symbolic":"method"}],"insertBefore":[{"__symbolic":"method"}],"removeChild":[{"__symbolic":"method"}],"selectRootElement":[{"__symbolic":"method"}],"parentNode":[{"__symbolic":"method"}],"nextSibling":[{"__symbolic":"method"}],"setAttribute":[{"__symbolic":"method"}],"removeAttribute":[{"__symbolic":"method"}],"addClass":[{"__symbolic":"method"}],"removeClass":[{"__symbolic":"method"}],"setStyle":[{"__symbolic":"method"}],"removeStyle":[{"__symbolic":"method"}],"setProperty":[{"__symbolic":"method"}],"setValue":[{"__symbolic":"method"}],"listen":[{"__symbolic":"method"}]},"statics":{"__NG_ELEMENT_ID__":{"__symbolic":"error","message":"Lambda not supported","line":376,"character":46}}},"RendererFactory2":{"__symbolic":"class","members":{"createRenderer":[{"__symbolic":"method"}],"begin":[{"__symbolic":"method"}],"end":[{"__symbolic":"method"}],"whenRenderingDone":[{"__symbolic":"method"}]}},"RendererStyleFlags2":{"Important":1,"DashCase":2},"RendererType2":{"__symbolic":"interface"},"RootRenderer":{"__symbolic":"class","members":{"renderComponent":[{"__symbolic":"method"}]}},"COMPILER_OPTIONS":{"__symbolic":"new","expression":{"__symbolic":"reference","name":"InjectionToken"},"arguments":["compilerOptions"]},"Compiler":{"__symbolic":"class","decorators":[{"__symbolic":"call","expression":{"__symbolic":"reference","name":"Injectable"}}],"members":{"compileModuleSync":[{"__symbolic":"method"}],"compileModuleAsync":[{"__symbolic":"method"}],"compileModuleAndAllComponentsSync":[{"__symbolic":"method"}],"compileModuleAndAllComponentsAsync":[{"__symbolic":"method"}],"clearCache":[{"__symbolic":"method"}],"clearCacheFor":[{"__symbolic":"method"}],"getModuleId":[{"__symbolic":"method"}]}},"CompilerFactory":{"__symbolic":"class","members":{"createCompiler":[{"__symbolic":"method"}]}},"CompilerOptions":{"__symbolic":"interface"},"ModuleWithComponentFactories":{"__symbolic":"class","arity":1,"members":{"__ctor__":[{"__symbolic":"constructor","parameters":[{"__symbolic":"reference","name":"NgModuleFactory"},{"__symbolic":"reference","name":"Array","arguments":[{"__symbolic":"reference","name":"ɵComponentFactory"}]}]}]}},"ComponentFactory":{"__symbolic":"class","arity":1,"members":{"create":[{"__symbolic":"method"}]}},"ComponentRef":{"__symbolic":"class","arity":1,"members":{"destroy":[{"__symbolic":"method"}],"onDestroy":[{"__symbolic":"method"}]}},"ComponentFactoryResolver":{"__symbolic":"class","members":{"resolveComponentFactory":[{"__symbolic":"method"}]},"statics":{"NULL":{"__symbolic":"error","message":"Reference to non-exported class","line":29,"character":0,"context":{"className":"_NullComponentFactoryResolver"}}}},"ElementRef":{"__symbolic":"class","arity":1,"members":{"__ctor__":[{"__symbolic":"constructor","parameters":[{"__symbolic":"error","message":"Could not resolve type","line":50,"character":29,"context":{"typeName":"T"},"module":"./src/linker/element_ref"}]}]},"statics":{"__NG_ELEMENT_ID__":{"__symbolic":"error","message":"Lambda not supported","line":53,"character":47}}},"NgModuleFactory":{"__symbolic":"class","arity":1,"members":{"create":[{"__symbolic":"method"}]}},"NgModuleRef":{"__symbolic":"class","arity":1,"members":{"destroy":[{"__symbolic":"method"}],"onDestroy":[{"__symbolic":"method"}]}},"NgModuleFactoryLoader":{"__symbolic":"class","members":{"load":[{"__symbolic":"method"}]}},"getModuleFactory":{"__symbolic":"function"},"QueryList":{"__symbolic":"class","arity":1,"members":{"map":[{"__symbolic":"method"}],"filter":[{"__symbolic":"method"}],"find":[{"__symbolic":"method"}],"reduce":[{"__symbolic":"method"}],"forEach":[{"__symbolic":"method"}],"some":[{"__symbolic":"method"}],"toArray":[{"__symbolic":"method"}],"toString":[{"__symbolic":"method"}],"reset":[{"__symbolic":"method"}],"notifyOnChanges":[{"__symbolic":"method"}],"setDirty":[{"__symbolic":"method"}],"destroy":[{"__symbolic":"method"}]}},"SystemJsNgModuleLoader":{"__symbolic":"class","decorators":[{"__symbolic":"call","expression":{"__symbolic":"reference","name":"Injectable"}}],"members":{"__ctor__":[{"__symbolic":"constructor","parameterDecorators":[null,[{"__symbolic":"call","expression":{"__symbolic":"reference","name":"Optional"}}]],"parameters":[{"__symbolic":"reference","name":"Compiler"},{"__symbolic":"reference","name":"SystemJsNgModuleLoaderConfig"}]}],"load":[{"__symbolic":"method"}],"loadAndCompile":[{"__symbolic":"method"}],"loadFactory":[{"__symbolic":"method"}]}},"SystemJsNgModuleLoaderConfig":{"__symbolic":"class","members":{}},"TemplateRef":{"__symbolic":"class","arity":1,"members":{"createEmbeddedView":[{"__symbolic":"method"}]},"statics":{"__NG_ELEMENT_ID__":{"__symbolic":"error","message":"Lambda not supported","line":57,"character":37}}},"ViewContainerRef":{"__symbolic":"class","members":{"clear":[{"__symbolic":"method"}],"get":[{"__symbolic":"method"}],"createEmbeddedView":[{"__symbolic":"method"}],"createComponent":[{"__symbolic":"method"}],"insert":[{"__symbolic":"method"}],"move":[{"__symbolic":"method"}],"indexOf":[{"__symbolic":"method"}],"remove":[{"__symbolic":"method"}],"detach":[{"__symbolic":"method"}]},"statics":{"__NG_ELEMENT_ID__":{"__symbolic":"error","message":"Lambda not supported","line":148,"character":31}}},"EmbeddedViewRef":{"__symbolic":"class","arity":1,"extends":{"__symbolic":"reference","name":"ViewRef"},"members":{}},"ViewRef":{"__symbolic":"class","extends":{"__symbolic":"reference","name":"ChangeDetectorRef"},"members":{"destroy":[{"__symbolic":"method"}],"onDestroy":[{"__symbolic":"method"}]}},"DebugElement":{"__symbolic":"class","extends":{"__symbolic":"reference","name":"DebugNode"},"members":{"__ctor__":[{"__symbolic":"constructor","parameters":[{"__symbolic":"reference","name":"any"},{"__symbolic":"reference","name":"any"},{"__symbolic":"reference","name":"ɵangular_packages_core_core_y"}]}],"addChild":[{"__symbolic":"method"}],"removeChild":[{"__symbolic":"method"}],"insertChildrenAfter":[{"__symbolic":"method"}],"insertBefore":[{"__symbolic":"method"}],"query":[{"__symbolic":"method"}],"queryAll":[{"__symbolic":"method"}],"queryAllNodes":[{"__symbolic":"method"}],"triggerEventHandler":[{"__symbolic":"method"}]}},"DebugNode":{"__symbolic":"class","members":{"__ctor__":[{"__symbolic":"constructor","parameters":[{"__symbolic":"reference","name":"any"},{"__symbolic":"reference","name":"DebugNode"},{"__symbolic":"reference","name":"ɵangular_packages_core_core_y"}]}]}},"asNativeElements":{"__symbolic":"function","parameters":["debugEls"],"value":{"__symbolic":"call","expression":{"__symbolic":"select","expression":{"__symbolic":"reference","name":"debugEls"},"member":"map"},"arguments":[{"__symbolic":"error","message":"Lambda not supported","line":131,"character":22,"module":"./src/debug/debug_node"}]}},"getDebugNode":{"__symbolic":"function","parameters":["nativeNode"],"value":{"__symbolic":"binop","operator":"||","left":{"__symbolic":"call","expression":{"__symbolic":"select","expression":{"__symbolic":"new","expression":{"__symbolic":"reference","name":"Map"}},"member":"get"},"arguments":[{"__symbolic":"reference","name":"nativeNode"}]},"right":null}},"Predicate":{"__symbolic":"interface"},"GetTestability":{"__symbolic":"interface"},"Testability":{"__symbolic":"class","decorators":[{"__symbolic":"call","expression":{"__symbolic":"reference","name":"Injectable"}}],"members":{"__ctor__":[{"__symbolic":"constructor","parameters":[{"__symbolic":"reference","name":"NgZone"}]}],"_watchAngularEvents":[{"__symbolic":"method"}],"increasePendingRequestCount":[{"__symbolic":"method"}],"decreasePendingRequestCount":[{"__symbolic":"method"}],"isStable":[{"__symbolic":"method"}],"_runCallbacksIfReady":[{"__symbolic":"method"}],"getPendingTasks":[{"__symbolic":"method"}],"addCallback":[{"__symbolic":"method"}],"whenStable":[{"__symbolic":"method"}],"getPendingRequestCount":[{"__symbolic":"method"}],"findProviders":[{"__symbolic":"method"}]}},"TestabilityRegistry":{"__symbolic":"class","decorators":[{"__symbolic":"call","expression":{"__symbolic":"reference","name":"Injectable"}}],"members":{"__ctor__":[{"__symbolic":"constructor"}],"registerApplication":[{"__symbolic":"method"}],"unregisterApplication":[{"__symbolic":"method"}],"unregisterAllApplications":[{"__symbolic":"method"}],"getTestability":[{"__symbolic":"method"}],"getAllTestabilities":[{"__symbolic":"method"}],"getAllRootElements":[{"__symbolic":"method"}],"findTestabilityInTree":[{"__symbolic":"method"}]}},"setTestabilityGetter":{"__symbolic":"function"},"ChangeDetectionStrategy":{"OnPush":0,"Default":1},"ChangeDetectorRef":{"__symbolic":"class","members":{"markForCheck":[{"__symbolic":"method"}],"detach":[{"__symbolic":"method"}],"detectChanges":[{"__symbolic":"method"}],"checkNoChanges":[{"__symbolic":"method"}],"reattach":[{"__symbolic":"method"}]},"statics":{"__NG_ELEMENT_ID__":{"__symbolic":"error","message":"Lambda not supported","line":110,"character":54}}},"CollectionChangeRecord":{"__symbolic":"interface"},"DefaultIterableDiffer":{"__symbolic":"class","arity":1,"members":{"__ctor__":[{"__symbolic":"constructor","parameters":[{"__symbolic":"reference","name":"TrackByFunction"}]}],"forEachItem":[{"__symbolic":"method"}],"forEachOperation":[{"__symbolic":"method"}],"forEachPreviousItem":[{"__symbolic":"method"}],"forEachAddedItem":[{"__symbolic":"method"}],"forEachMovedItem":[{"__symbolic":"method"}],"forEachRemovedItem":[{"__symbolic":"method"}],"forEachIdentityChange":[{"__symbolic":"method"}],"diff":[{"__symbolic":"method"}],"onDestroy":[{"__symbolic":"method"}],"check":[{"__symbolic":"method"}],"_reset":[{"__symbolic":"method"}],"_mismatch":[{"__symbolic":"method"}],"_verifyReinsertion":[{"__symbolic":"method"}],"_truncate":[{"__symbolic":"method"}],"_reinsertAfter":[{"__symbolic":"method"}],"_moveAfter":[{"__symbolic":"method"}],"_addAfter":[{"__symbolic":"method"}],"_insertAfter":[{"__symbolic":"method"}],"_remove":[{"__symbolic":"method"}],"_unlink":[{"__symbolic":"method"}],"_addToMoves":[{"__symbolic":"method"}],"_addToRemovals":[{"__symbolic":"method"}],"_addIdentityChange":[{"__symbolic":"method"}]}},"IterableChangeRecord":{"__symbolic":"interface"},"IterableChanges":{"__symbolic":"interface"},"IterableDiffer":{"__symbolic":"interface"},"IterableDifferFactory":{"__symbolic":"interface"},"IterableDiffers":{"__symbolic":"class","members":{"__ctor__":[{"__symbolic":"constructor","parameters":[{"__symbolic":"reference","name":"Array","arguments":[{"__symbolic":"reference","name":"any"}]}]}],"find":[{"__symbolic":"method"}]},"statics":{"ngInjectableDef":{"__symbolic":"call","expression":{"__symbolic":"reference","module":"../../di/defs","name":"defineInjectable","line":142,"character":27},"arguments":[{"__symbolic":"error","message":"Lambda not supported","line":144,"character":13}]},"extend":{"__symbolic":"function","parameters":["factories"],"value":{"__symbolic":"error","message":"Lambda not supported","line":185,"character":18,"module":"./src/change_detection/differs/iterable_differs"}}}},"KeyValueChangeRecord":{"__symbolic":"interface"},"KeyValueChanges":{"__symbolic":"interface"},"KeyValueDiffer":{"__symbolic":"interface"},"KeyValueDifferFactory":{"__symbolic":"interface"},"KeyValueDiffers":{"__symbolic":"class","members":{"__ctor__":[{"__symbolic":"constructor","parameters":[{"__symbolic":"reference","name":"Array","arguments":[{"__symbolic":"reference","name":"any"}]}]}],"find":[{"__symbolic":"method"}]},"statics":{"ngInjectableDef":{"__symbolic":"call","expression":{"__symbolic":"reference","module":"../../di","name":"defineInjectable","line":120,"character":27},"arguments":[{"__symbolic":"error","message":"Lambda not supported","line":122,"character":13}]},"extend":{"__symbolic":"function","parameters":["factories"],"value":{"__symbolic":"error","message":"Lambda not supported","line":163,"character":18,"module":"./src/change_detection/differs/keyvalue_differs"}}}},"NgIterable":{"__symbolic":"interface"},"PipeTransform":{"__symbolic":"interface"},"SimpleChange":{"__symbolic":"class","members":{"__ctor__":[{"__symbolic":"constructor","parameters":[{"__symbolic":"reference","name":"any"},{"__symbolic":"reference","name":"any"},{"__symbolic":"reference","name":"boolean"}]}],"isFirstChange":[{"__symbolic":"method"}]}},"SimpleChanges":{"__symbolic":"interface"},"TrackByFunction":{"__symbolic":"interface"},"WrappedValue":{"__symbolic":"class","members":{"__ctor__":[{"__symbolic":"constructor","parameters":[{"__symbolic":"reference","name":"any"}]}]},"statics":{"wrap":{"__symbolic":"function","parameters":["value"],"value":{"__symbolic":"new","expression":{"__symbolic":"reference","name":"WrappedValue"},"arguments":[{"__symbolic":"reference","name":"value"}]}},"unwrap":{"__symbolic":"function","parameters":["value"],"value":{"__symbolic":"if","condition":{"__symbolic":"call","expression":{"__symbolic":"select","expression":{"__symbolic":"reference","name":"WrappedValue"},"member":"isWrapped"},"arguments":[{"__symbolic":"reference","name":"value"}]},"thenExpression":{"__symbolic":"select","expression":{"__symbolic":"reference","name":"value"},"member":"wrapped"},"elseExpression":{"__symbolic":"reference","name":"value"}}},"isWrapped":{"__symbolic":"function","parameters":["value"],"value":{"__symbolic":"binop","operator":"instanceof","left":{"__symbolic":"reference","name":"value"},"right":{"__symbolic":"reference","name":"WrappedValue"}}}}},"platformCore":{"__symbolic":"call","expression":{"__symbolic":"reference","name":"createPlatformFactory"},"arguments":[null,"core",[{"provide":{"__symbolic":"reference","name":"PLATFORM_ID"},"useValue":"unknown"},{"provide":{"__symbolic":"reference","name":"PlatformRef"},"deps":[{"__symbolic":"reference","name":"Injector"}]},{"provide":{"__symbolic":"reference","name":"TestabilityRegistry"},"deps":[]},{"provide":{"__symbolic":"reference","name":"ɵConsole"},"deps":[]}]]},"TRANSLATIONS":{"__symbolic":"new","expression":{"__symbolic":"reference","name":"InjectionToken"},"arguments":["Translations"]},"TRANSLATIONS_FORMAT":{"__symbolic":"new","expression":{"__symbolic":"reference","name":"InjectionToken"},"arguments":["TranslationsFormat"]},"LOCALE_ID":{"__symbolic":"new","expression":{"__symbolic":"reference","name":"InjectionToken"},"arguments":["LocaleId"]},"MissingTranslationStrategy":{"Error":0,"Warning":1,"Ignore":2},"ApplicationModule":{"__symbolic":"class","decorators":[{"__symbolic":"call","expression":{"__symbolic":"reference","name":"NgModule"},"arguments":[{"providers":{"__symbolic":"reference","name":"ɵangular_packages_core_core_p"}}]}],"members":{"__ctor__":[{"__symbolic":"constructor","parameters":[{"__symbolic":"reference","name":"ApplicationRef"}]}]}},"wtfCreateScope":{"__symbolic":"if","condition":{"__symbolic":"reference","name":"ɵangular_packages_core_core_q"},"thenExpression":{"__symbolic":"reference","name":"ɵangular_packages_core_core_s"},"elseExpression":{"__symbolic":"error","message":"Lambda not supported","line":53,"character":31,"module":"./src/profile/profile"}},"wtfLeave":{"__symbolic":"if","condition":{"__symbolic":"reference","name":"ɵangular_packages_core_core_q"},"thenExpression":{"__symbolic":"reference","name":"ɵangular_packages_core_core_t"},"elseExpression":{"__symbolic":"error","message":"Lambda not supported","line":65,"character":25,"module":"./src/profile/profile"}},"wtfStartTimeRange":{"__symbolic":"if","condition":{"__symbolic":"reference","name":"ɵangular_packages_core_core_q"},"thenExpression":{"__symbolic":"reference","name":"ɵangular_packages_core_core_u"},"elseExpression":{"__symbolic":"error","message":"Lambda not supported","line":81,"character":34,"module":"./src/profile/profile"}},"wtfEndTimeRange":{"__symbolic":"if","condition":{"__symbolic":"reference","name":"ɵangular_packages_core_core_q"},"thenExpression":{"__symbolic":"reference","name":"ɵangular_packages_core_core_v"},"elseExpression":{"__symbolic":"error","message":"Lambda not supported","line":89,"character":81,"module":"./src/profile/profile"}},"WtfScopeFn":{"__symbolic":"interface"},"Type":{"__symbolic":"interface"},"EventEmitter":{"__symbolic":"class","arity":1,"extends":{"__symbolic":"reference","module":"rxjs","name":"Subject","line":63,"character":37},"members":{"__ctor__":[{"__symbolic":"constructor","parameters":[{"__symbolic":"reference","name":"boolean"}]}],"emit":[{"__symbolic":"method"}],"subscribe":[{"__symbolic":"method"}]}},"ErrorHandler":{"__symbolic":"class","members":{"handleError":[{"__symbolic":"method"}],"_findContext":[{"__symbolic":"method"}],"_findOriginalError":[{"__symbolic":"method"}]}},"ɵALLOW_MULTIPLE_PLATFORMS":{"__symbolic":"new","expression":{"__symbolic":"reference","name":"InjectionToken"},"arguments":["AllowMultipleToken"]},"ɵAPP_ID_RANDOM_PROVIDER":{"provide":{"__symbolic":"reference","name":"APP_ID"},"useFactory":{"__symbolic":"reference","name":"ɵangular_packages_core_core_g"},"deps":[]},"ɵdefaultIterableDiffers":{"__symbolic":"new","expression":{"__symbolic":"reference","name":"IterableDiffers"},"arguments":[[{"__symbolic":"new","expression":{"__symbolic":"reference","name":"ɵangular_packages_core_core_k"}}]]},"ɵdefaultKeyValueDiffers":{"__symbolic":"new","expression":{"__symbolic":"reference","name":"KeyValueDiffers"},"arguments":[[{"__symbolic":"new","expression":{"__symbolic":"reference","name":"ɵangular_packages_core_core_l"}}]]},"ɵdevModeEqual":{"__symbolic":"function"},"ɵisListLikeIterable":{"__symbolic":"function"},"ɵChangeDetectorStatus":{"CheckOnce":0,"Checked":1,"CheckAlways":2,"Detached":3,"Errored":4,"Destroyed":5},"ɵisDefaultChangeDetectionStrategy":{"__symbolic":"function","parameters":["changeDetectionStrategy"],"value":{"__symbolic":"binop","operator":"||","left":{"__symbolic":"binop","operator":"==","left":{"__symbolic":"reference","name":"changeDetectionStrategy"},"right":null},"right":{"__symbolic":"binop","operator":"===","left":{"__symbolic":"reference","name":"changeDetectionStrategy"},"right":{"__symbolic":"select","expression":{"__symbolic":"reference","name":"ChangeDetectionStrategy"},"member":"Default"}}}},"ɵConsole":{"__symbolic":"class","decorators":[{"__symbolic":"call","expression":{"__symbolic":"reference","name":"Injectable"}}],"members":{"log":[{"__symbolic":"method"}],"warn":[{"__symbolic":"method"}]}},"ɵInjectableDef":{"__symbolic":"interface"},"ɵInjectorDef":{"__symbolic":"interface"},"ɵgetInjectableDef":{"__symbolic":"function","parameters":["type"],"value":{"__symbolic":"if","condition":{"__symbolic":"call","expression":{"__symbolic":"select","expression":{"__symbolic":"reference","name":"type"},"member":"hasOwnProperty"},"arguments":[{"__symbolic":"reference","name":"ɵangular_packages_core_core_bh"}]},"thenExpression":{"__symbolic":"index","expression":{"__symbolic":"reference","name":"type"},"index":{"__symbolic":"reference","name":"ɵangular_packages_core_core_bh"}},"elseExpression":null}},"ɵinject":{"__symbolic":"reference","name":"inject"},"ɵsetCurrentInjector":{"__symbolic":"function"},"ɵAPP_ROOT":{"__symbolic":"new","expression":{"__symbolic":"reference","name":"InjectionToken"},"arguments":["The presence of this token marks an injector as being the root injector."]},"ɵComponentFactory":{"__symbolic":"reference","name":"ComponentFactory"},"ɵCodegenComponentFactoryResolver":{"__symbolic":"class","members":{"__ctor__":[{"__symbolic":"constructor","parameters":[{"__symbolic":"reference","name":"Array","arguments":[{"__symbolic":"reference","name":"ɵComponentFactory"}]},{"__symbolic":"reference","name":"ComponentFactoryResolver"},{"__symbolic":"reference","name":"NgModuleRef"}]}],"resolveComponentFactory":[{"__symbolic":"method"}]}},"ɵresolveComponentResources":{"__symbolic":"function"},"ɵReflectionCapabilities":{"__symbolic":"class","members":{"__ctor__":[{"__symbolic":"constructor","parameters":[{"__symbolic":"reference","name":"any"}]}],"isReflectionEnabled":[{"__symbolic":"method"}],"factory":[{"__symbolic":"method"}],"_zipTypesAndAnnotations":[{"__symbolic":"method"}],"_ownParameters":[{"__symbolic":"method"}],"parameters":[{"__symbolic":"method"}],"_ownAnnotations":[{"__symbolic":"method"}],"annotations":[{"__symbolic":"method"}],"_ownPropMetadata":[{"__symbolic":"method"}],"propMetadata":[{"__symbolic":"method"}],"hasLifecycleHook":[{"__symbolic":"method"}],"guards":[{"__symbolic":"method"}],"getter":[{"__symbolic":"method"}],"setter":[{"__symbolic":"method"}],"method":[{"__symbolic":"method"}],"importUri":[{"__symbolic":"method"}],"resourceUri":[{"__symbolic":"method"}],"resolveIdentifier":[{"__symbolic":"method"}],"resolveEnum":[{"__symbolic":"method"}]}},"ɵGetterFn":{"__symbolic":"interface"},"ɵMethodFn":{"__symbolic":"interface"},"ɵSetterFn":{"__symbolic":"interface"},"ɵDirectRenderer":{"__symbolic":"interface"},"ɵRenderDebugInfo":{"__symbolic":"class","members":{}},"ɵ_sanitizeHtml":{"__symbolic":"function"},"ɵ_sanitizeStyle":{"__symbolic":"function"},"ɵ_sanitizeUrl":{"__symbolic":"function"},"ɵglobal":{"__symbolic":"binop","operator":"||","left":{"__symbolic":"binop","operator":"||","left":{"__symbolic":"binop","operator":"&&","left":{"__symbolic":"binop","operator":"!==","left":{"__symbolic":"error","message":"Expression form not supported","line":17,"character":17,"module":"./src/util"},"right":"undefined"},"right":{"__symbolic":"error","message":"Reference to a local symbol","line":13,"character":12,"context":{"name":"global"},"module":"./src/util"}},"right":{"__symbolic":"binop","operator":"&&","left":{"__symbolic":"binop","operator":"!==","left":{"__symbolic":"error","message":"Expression form not supported","line":14,"character":17,"module":"./src/util"},"right":"undefined"},"right":{"__symbolic":"reference","name":"window"}}},"right":{"__symbolic":"binop","operator":"&&","left":{"__symbolic":"binop","operator":"&&","left":{"__symbolic":"binop","operator":"&&","left":{"__symbolic":"binop","operator":"!==","left":{"__symbolic":"error","message":"Expression form not supported","line":15,"character":15,"module":"./src/util"},"right":"undefined"},"right":{"__symbolic":"binop","operator":"!==","left":{"__symbolic":"error","message":"Expression form not supported","line":15,"character":46,"module":"./src/util"},"right":"undefined"}},"right":{"__symbolic":"binop","operator":"instanceof","left":{"__symbolic":"reference","name":"self"},"right":{"__symbolic":"error","message":"Reference to a local symbol","line":9,"character":12,"context":{"name":"WorkerGlobalScope"},"module":"./src/util"}}},"right":{"__symbolic":"reference","name":"self"}}},"ɵlooseIdentical":{"__symbolic":"function","parameters":["a","b"],"value":{"__symbolic":"binop","operator":"||","left":{"__symbolic":"binop","operator":"===","left":{"__symbolic":"reference","name":"a"},"right":{"__symbolic":"reference","name":"b"}},"right":{"__symbolic":"binop","operator":"&&","left":{"__symbolic":"binop","operator":"&&","left":{"__symbolic":"binop","operator":"&&","left":{"__symbolic":"binop","operator":"===","left":{"__symbolic":"error","message":"Expression form not supported","line":65,"character":20,"module":"./src/util"},"right":"number"},"right":{"__symbolic":"binop","operator":"===","left":{"__symbolic":"error","message":"Expression form not supported","line":65,"character":45,"module":"./src/util"},"right":"number"}},"right":{"__symbolic":"call","expression":{"__symbolic":"reference","name":"isNaN"},"arguments":[{"__symbolic":"reference","name":"a"}]}},"right":{"__symbolic":"call","expression":{"__symbolic":"reference","name":"isNaN"},"arguments":[{"__symbolic":"reference","name":"b"}]}}}},"ɵstringify":{"__symbolic":"function"},"ɵmakeDecorator":{"__symbolic":"function"},"ɵisObservable":{"__symbolic":"function","parameters":["obj"],"value":{"__symbolic":"binop","operator":"&&","left":{"__symbolic":"pre","operator":"!","operand":{"__symbolic":"pre","operator":"!","operand":{"__symbolic":"reference","name":"obj"}}},"right":{"__symbolic":"binop","operator":"===","left":{"__symbolic":"error","message":"Expression form not supported","line":25,"character":18,"module":"./src/util/lang"},"right":"function"}}},"ɵisPromise":{"__symbolic":"function","parameters":["obj"],"value":{"__symbolic":"binop","operator":"&&","left":{"__symbolic":"pre","operator":"!","operand":{"__symbolic":"pre","operator":"!","operand":{"__symbolic":"reference","name":"obj"}}},"right":{"__symbolic":"binop","operator":"===","left":{"__symbolic":"error","message":"Expression form not supported","line":16,"character":18,"module":"./src/util/lang"},"right":"function"}}},"ɵclearOverrides":{"__symbolic":"function"},"ɵinitServicesIfNeeded":{"__symbolic":"function"},"ɵoverrideComponentView":{"__symbolic":"function"},"ɵoverrideProvider":{"__symbolic":"function"},"ɵNOT_FOUND_CHECK_ONLY_ELEMENT_INJECTOR":{},"ɵdefineBase":{"__symbolic":"function"},"ɵdefineComponent":{"__symbolic":"function"},"ɵdefineDirective":{"__symbolic":"reference","name":"ɵdefineComponent"},"ɵdefinePipe":{"__symbolic":"function","parameters":["pipeDef"],"value":{"name":{"__symbolic":"select","expression":{"__symbolic":"reference","name":"pipeDef"},"member":"name"},"factory":{"__symbolic":"select","expression":{"__symbolic":"reference","name":"pipeDef"},"member":"factory"},"pure":{"__symbolic":"binop","operator":"!==","left":{"__symbolic":"select","expression":{"__symbolic":"reference","name":"pipeDef"},"member":"pure"},"right":false},"onDestroy":{"__symbolic":"binop","operator":"||","left":{"__symbolic":"select","expression":{"__symbolic":"select","expression":{"__symbolic":"select","expression":{"__symbolic":"reference","name":"pipeDef"},"member":"type"},"member":"prototype"},"member":"ngOnDestroy"},"right":null}}},"ɵdefineNgModule":{"__symbolic":"function"},"ɵdetectChanges":{"__symbolic":"function"},"ɵrenderComponent":{"__symbolic":"function"},"ɵComponentType":{"__symbolic":"interface"},"ɵRender3ComponentFactory":{"__symbolic":"class","arity":1,"extends":{"__symbolic":"reference","name":"ɵComponentFactory"},"members":{"__ctor__":[{"__symbolic":"constructor","parameters":[{"__symbolic":"reference","name":"ɵComponentDef"}]}],"create":[{"__symbolic":"method"}]}},"ɵRender3ComponentRef":{"__symbolic":"class","arity":1,"extends":{"__symbolic":"reference","name":"ComponentRef"},"members":{"__ctor__":[{"__symbolic":"constructor","parameters":[{"__symbolic":"reference","name":"Type"},{"__symbolic":"error","message":"Could not resolve type","line":251,"character":40,"context":{"typeName":"T"},"module":"./src/render3/component_ref"},{"__symbolic":"reference","name":"ElementRef"},{"__symbolic":"reference","name":"ɵangular_packages_core_core_bj"},{"__symbolic":"reference","name":"ɵangular_packages_core_core_be"}]}],"destroy":[{"__symbolic":"method"}],"onDestroy":[{"__symbolic":"method"}]}},"ɵDirectiveType":{"__symbolic":"interface"},"ɵRenderFlags":{"Create":1,"Update":2},"ɵdirectiveInject":{"__symbolic":"function"},"ɵinjectAttribute":{"__symbolic":"function","parameters":["attrNameToInject"],"value":{"__symbolic":"call","expression":{"__symbolic":"reference","name":"ɵangular_packages_core_core_z"},"arguments":[{"__symbolic":"call","expression":{"__symbolic":"reference","name":"ɵangular_packages_core_core_bb"}},{"__symbolic":"reference","name":"attrNameToInject"}]}},"ɵgetFactoryOf":{"__symbolic":"function"},"ɵgetInheritedFactory":{"__symbolic":"function"},"ɵtemplateRefExtractor":{"__symbolic":"function","parameters":["tNode","currentView"],"value":{"__symbolic":"call","expression":{"__symbolic":"reference","name":"ɵangular_packages_core_core_i"},"arguments":[{"__symbolic":"reference","name":"TemplateRef"},{"__symbolic":"reference","name":"ElementRef"},{"__symbolic":"reference","name":"tNode"},{"__symbolic":"reference","name":"currentView"}]}},"ɵProvidersFeature":{"__symbolic":"function","parameters":["providers","viewProviders"],"defaults":[null,[]],"value":{"__symbolic":"error","message":"Lambda not supported","line":40,"character":9,"module":"./src/render3/features/providers_feature"}},"ɵInheritDefinitionFeature":{"__symbolic":"function"},"ɵNgOnChangesFeature":{"__symbolic":"function"},"ɵLifecycleHooksFeature":{"__symbolic":"function"},"ɵNgModuleType":{"__symbolic":"interface"},"ɵRender3NgModuleRef":{"__symbolic":"class","arity":1,"extends":{"__symbolic":"reference","name":"NgModuleRef"},"members":{"__ctor__":[{"__symbolic":"constructor","parameters":[{"__symbolic":"reference","name":"Type"},{"__symbolic":"reference","name":"Injector"}]}],"destroy":[{"__symbolic":"method"}],"onDestroy":[{"__symbolic":"method"}]}},"ɵCssSelectorList":{"__symbolic":"interface"},"ɵmarkDirty":{"__symbolic":"function"},"ɵNgModuleFactory":{"__symbolic":"class","arity":1,"extends":{"__symbolic":"reference","name":"NgModuleFactory"},"members":{"__ctor__":[{"__symbolic":"constructor","parameters":[{"__symbolic":"reference","name":"Type"}]}],"create":[{"__symbolic":"method"}]}},"ɵNO_CHANGE":{},"ɵcontainer":{"__symbolic":"function"},"ɵnextContext":{"__symbolic":"function","parameters":["level"],"defaults":[1],"value":{"__symbolic":"call","expression":{"__symbolic":"reference","name":"ɵangular_packages_core_core_bd"},"arguments":[{"__symbolic":"reference","name":"level"}]}},"ɵelementStart":{"__symbolic":"function"},"ɵnamespaceHTML":{"__symbolic":"function"},"ɵnamespaceMathML":{"__symbolic":"function"},"ɵnamespaceSVG":{"__symbolic":"function"},"ɵelement":{"__symbolic":"function"},"ɵlistener":{"__symbolic":"function"},"ɵtext":{"__symbolic":"function"},"ɵembeddedViewStart":{"__symbolic":"function"},"ɵquery":{"__symbolic":"function"},"ɵregisterContentQuery":{"__symbolic":"function"},"ɵprojection":{"__symbolic":"function"},"ɵbind":{"__symbolic":"function","parameters":["value"],"value":{"__symbolic":"if","condition":{"__symbolic":"call","expression":{"__symbolic":"reference","name":"ɵangular_packages_core_core_ba"},"arguments":[{"__symbolic":"error","message":"Expression form not supported","line":2487,"character":24,"module":"./src/render3/instructions"},{"__symbolic":"reference","name":"value"}]},"thenExpression":{"__symbolic":"reference","name":"value"},"elseExpression":{"__symbolic":"reference","name":"ɵNO_CHANGE"}}},"ɵinterpolation1":{"__symbolic":"function"},"ɵinterpolation2":{"__symbolic":"function"},"ɵinterpolation3":{"__symbolic":"function"},"ɵinterpolation4":{"__symbolic":"function"},"ɵinterpolation5":{"__symbolic":"function"},"ɵinterpolation6":{"__symbolic":"function"},"ɵinterpolation7":{"__symbolic":"function"},"ɵinterpolation8":{"__symbolic":"function"},"ɵinterpolationV":{"__symbolic":"function"},"ɵpipeBind1":{"__symbolic":"function"},"ɵpipeBind2":{"__symbolic":"function"},"ɵpipeBind3":{"__symbolic":"function"},"ɵpipeBind4":{"__symbolic":"function"},"ɵpipeBindV":{"__symbolic":"function"},"ɵpureFunction0":{"__symbolic":"function"},"ɵpureFunction1":{"__symbolic":"function"},"ɵpureFunction2":{"__symbolic":"function"},"ɵpureFunction3":{"__symbolic":"function"},"ɵpureFunction4":{"__symbolic":"function"},"ɵpureFunction5":{"__symbolic":"function"},"ɵpureFunction6":{"__symbolic":"function"},"ɵpureFunction7":{"__symbolic":"function"},"ɵpureFunction8":{"__symbolic":"function"},"ɵpureFunctionV":{"__symbolic":"function"},"ɵgetCurrentView":{"__symbolic":"function","parameters":[],"value":{"__symbolic":"reference","name":"viewData"}},"ɵrestoreView":{"__symbolic":"function"},"ɵcontainerRefreshStart":{"__symbolic":"function"},"ɵcontainerRefreshEnd":{"__symbolic":"function"},"ɵqueryRefresh":{"__symbolic":"function"},"ɵloadQueryList":{"__symbolic":"function"},"ɵelementEnd":{"__symbolic":"function"},"ɵelementProperty":{"__symbolic":"function"},"ɵprojectionDef":{"__symbolic":"function"},"ɵreference":{"__symbolic":"function"},"ɵenableBindings":{"__symbolic":"function"},"ɵdisableBindings":{"__symbolic":"function"},"ɵelementAttribute":{"__symbolic":"function"},"ɵelementContainerStart":{"__symbolic":"function"},"ɵelementContainerEnd":{"__symbolic":"function"},"ɵelementStyling":{"__symbolic":"function"},"ɵelementStylingMap":{"__symbolic":"function"},"ɵelementStyleProp":{"__symbolic":"function"},"ɵelementStylingApply":{"__symbolic":"function"},"ɵelementClassProp":{"__symbolic":"function"},"ɵtextBinding":{"__symbolic":"function"},"ɵtemplate":{"__symbolic":"function"},"ɵembeddedViewEnd":{"__symbolic":"function"},"ɵstore":{"__symbolic":"function"},"ɵload":{"__symbolic":"function","parameters":["index"],"value":{"__symbolic":"call","expression":{"__symbolic":"reference","name":"ɵangular_packages_core_core_bk"},"arguments":[{"__symbolic":"reference","name":"index"},{"__symbolic":"call","expression":{"__symbolic":"reference","name":"ɵangular_packages_core_core_bc"}}]}},"ɵpipe":{"__symbolic":"function"},"ɵBaseDef":{"__symbolic":"interface"},"ɵComponentDef":{"__symbolic":"interface"},"ɵComponentDefWithMeta":{"__symbolic":"interface"},"ɵDirectiveDef":{"__symbolic":"interface"},"ɵDirectiveDefWithMeta":{"__symbolic":"interface"},"ɵPipeDef":{"__symbolic":"interface"},"ɵPipeDefWithMeta":{"__symbolic":"interface"},"ɵwhenRendered":{"__symbolic":"function","parameters":["component"],"value":{"__symbolic":"error","message":"Reference to a non-exported function","line":241,"character":9,"context":{"name":"getRootContext"},"module":"./src/render3/component"}},"ɵi18n":{"__symbolic":"function"},"ɵi18nAttributes":{"__symbolic":"function"},"ɵi18nExp":{"__symbolic":"function"},"ɵi18nStart":{"__symbolic":"function"},"ɵi18nEnd":{"__symbolic":"function"},"ɵi18nApply":{"__symbolic":"function"},"ɵi18nPostprocess":{"__symbolic":"function"},"ɵWRAP_RENDERER_FACTORY2":{"__symbolic":"new","expression":{"__symbolic":"reference","name":"InjectionToken"},"arguments":["WRAP_RENDERER_FACTORY2"]},"ɵsetClassMetadata":{"__symbolic":"function"},"ɵRender3DebugRendererFactory2":{"__symbolic":"class","extends":{"__symbolic":"reference","name":"ɵangular_packages_core_core_x"},"members":{"createRenderer":[{"__symbolic":"method"}]}},"ɵcompileComponent":{"__symbolic":"function"},"ɵcompileDirective":{"__symbolic":"function"},"ɵcompileNgModule":{"__symbolic":"function"},"ɵcompileNgModuleDefs":{"__symbolic":"function"},"ɵpatchComponentDefWithScope":{"__symbolic":"function"},"ɵcompilePipe":{"__symbolic":"function"},"ɵNgModuleDef":{"__symbolic":"interface"},"ɵNgModuleDefWithMeta":{"__symbolic":"interface"},"ɵNgModuleTransitiveScopes":{"__symbolic":"interface"},"ɵsanitizeHtml":{"__symbolic":"function"},"ɵsanitizeStyle":{"__symbolic":"function"},"ɵsanitizeUrl":{"__symbolic":"function"},"ɵsanitizeResourceUrl":{"__symbolic":"function"},"ɵbypassSanitizationTrustHtml":{"__symbolic":"function","parameters":["trustedHtml"],"value":{"__symbolic":"error","message":"Reference to a non-exported function","line":138,"character":9,"context":{"name":"bypassSanitizationTrustString"},"module":"./src/sanitization/bypass"}},"ɵbypassSanitizationTrustStyle":{"__symbolic":"function","parameters":["trustedStyle"],"value":{"__symbolic":"error","message":"Reference to a non-exported function","line":138,"character":9,"context":{"name":"bypassSanitizationTrustString"},"module":"./src/sanitization/bypass"}},"ɵbypassSanitizationTrustScript":{"__symbolic":"function","parameters":["trustedScript"],"value":{"__symbolic":"error","message":"Reference to a non-exported function","line":138,"character":9,"context":{"name":"bypassSanitizationTrustString"},"module":"./src/sanitization/bypass"}},"ɵbypassSanitizationTrustUrl":{"__symbolic":"function","parameters":["trustedUrl"],"value":{"__symbolic":"error","message":"Reference to a non-exported function","line":138,"character":9,"context":{"name":"bypassSanitizationTrustString"},"module":"./src/sanitization/bypass"}},"ɵbypassSanitizationTrustResourceUrl":{"__symbolic":"function","parameters":["trustedResourceUrl"],"value":{"__symbolic":"error","message":"Reference to a non-exported function","line":138,"character":9,"context":{"name":"bypassSanitizationTrustString"},"module":"./src/sanitization/bypass"}},"ɵgetContext":{"__symbolic":"function"},"ɵPlayer":{"__symbolic":"interface"},"ɵPlayerFactory":{"__symbolic":"interface"},"ɵPlayState":{"Pending":0,"Running":1,"Paused":2,"Finished":100,"Destroyed":200},"ɵPlayerHandler":{"__symbolic":"interface"},"ɵLContext":{"__symbolic":"interface"},"ɵbindPlayerFactory":{"__symbolic":"function","parameters":["factoryFn","value"],"value":{"__symbolic":"new","expression":{"__symbolic":"reference","name":"ɵangular_packages_core_core_bg"},"arguments":[{"__symbolic":"reference","name":"factoryFn"},{"__symbolic":"reference","name":"value"}]}},"ɵaddPlayer":{"__symbolic":"function"},"ɵgetPlayers":{"__symbolic":"function"},"ɵcompileNgModuleFactory__POST_R3__":{"__symbolic":"function"},"ɵSWITCH_COMPILE_COMPONENT__POST_R3__":{"__symbolic":"reference","name":"ɵcompileComponent"},"ɵSWITCH_COMPILE_DIRECTIVE__POST_R3__":{"__symbolic":"reference","name":"ɵcompileDirective"},"ɵSWITCH_COMPILE_PIPE__POST_R3__":{"__symbolic":"reference","name":"ɵcompilePipe"},"ɵSWITCH_COMPILE_NGMODULE__POST_R3__":{"__symbolic":"reference","name":"ɵcompileNgModule"},"ɵSWITCH_COMPILE_INJECTABLE__POST_R3__":{"__symbolic":"function"},"ɵSWITCH_IVY_ENABLED__POST_R3__":true,"ɵSWITCH_CHANGE_DETECTOR_REF_FACTORY__POST_R3__":{"__symbolic":"function","parameters":[],"value":{"__symbolic":"call","expression":{"__symbolic":"reference","name":"ɵangular_packages_core_core_j"},"arguments":[{"__symbolic":"call","expression":{"__symbolic":"reference","name":"ɵangular_packages_core_core_bb"}},{"__symbolic":"call","expression":{"__symbolic":"reference","name":"ɵangular_packages_core_core_bc"}},null]}},"ɵSWITCH_ELEMENT_REF_FACTORY__POST_R3__":{"__symbolic":"function","parameters":["ElementRefToken"],"value":{"__symbolic":"call","expression":{"__symbolic":"reference","name":"ɵangular_packages_core_core_h"},"arguments":[{"__symbolic":"reference","name":"ElementRefToken"},{"__symbolic":"call","expression":{"__symbolic":"reference","name":"ɵangular_packages_core_core_bb"}},{"__symbolic":"call","expression":{"__symbolic":"reference","name":"ɵangular_packages_core_core_bc"}}]}},"ɵSWITCH_TEMPLATE_REF_FACTORY__POST_R3__":{"__symbolic":"function","parameters":["TemplateRefToken","ElementRefToken"],"value":{"__symbolic":"call","expression":{"__symbolic":"reference","name":"ɵangular_packages_core_core_i"},"arguments":[{"__symbolic":"reference","name":"TemplateRefToken"},{"__symbolic":"reference","name":"ElementRefToken"},{"__symbolic":"call","expression":{"__symbolic":"reference","name":"ɵangular_packages_core_core_bb"}},{"__symbolic":"call","expression":{"__symbolic":"reference","name":"ɵangular_packages_core_core_bc"}}]}},"ɵSWITCH_VIEW_CONTAINER_REF_FACTORY__POST_R3__":{"__symbolic":"function"},"ɵSWITCH_RENDERER2_FACTORY__POST_R3__":{"__symbolic":"function","parameters":[],"value":{"__symbolic":"error","message":"Reference to a non-exported function","line":364,"character":9,"context":{"name":"getOrCreateRenderer2"},"module":"./src/render3/view_engine_compatibility"}},"ɵpublishGlobalUtil":{"__symbolic":"function"},"ɵpublishDefaultGlobalUtils":{"__symbolic":"function"},"ɵSWITCH_INJECTOR_FACTORY__POST_R3__":{"__symbolic":"error","message":"Lambda not supported","line":115,"character":50,"module":"./src/di/injector"},"Sanitizer":{"__symbolic":"class","members":{"sanitize":[{"__symbolic":"method"}]}},"SecurityContext":{"NONE":0,"HTML":1,"STYLE":2,"SCRIPT":3,"URL":4,"RESOURCE_URL":5},"ɵregisterModuleFactory":{"__symbolic":"function"},"ɵArgumentType":{"Inline":0,"Dynamic":1},"ɵBindingFlags":{"TypeElementAttribute":1,"TypeElementClass":2,"TypeElementStyle":4,"TypeProperty":8,"SyntheticProperty":16,"SyntheticHostProperty":32,"CatSyntheticProperty":{"__symbolic":"binop","operator":"|","left":{"__symbolic":"reference","name":"SyntheticProperty"},"right":{"__symbolic":"reference","name":"SyntheticHostProperty"}},"Types":{"__symbolic":"binop","operator":"|","left":{"__symbolic":"binop","operator":"|","left":{"__symbolic":"binop","operator":"|","left":{"__symbolic":"reference","name":"TypeElementAttribute"},"right":{"__symbolic":"reference","name":"TypeElementClass"}},"right":{"__symbolic":"reference","name":"TypeElementStyle"}},"right":{"__symbolic":"reference","name":"TypeProperty"}}},"ɵDepFlags":{"None":0,"SkipSelf":1,"Optional":2,"Self":4,"Value":8},"ɵEMPTY_ARRAY":[],"ɵEMPTY_MAP":{},"ɵNodeFlags":{"None":0,"TypeElement":1,"TypeText":2,"ProjectedTemplate":4,"CatRenderNode":{"__symbolic":"binop","operator":"|","left":{"__symbolic":"reference","name":"TypeElement"},"right":{"__symbolic":"reference","name":"TypeText"}},"TypeNgContent":8,"TypePipe":16,"TypePureArray":32,"TypePureObject":64,"TypePurePipe":128,"CatPureExpression":{"__symbolic":"binop","operator":"|","left":{"__symbolic":"binop","operator":"|","left":{"__symbolic":"reference","name":"TypePureArray"},"right":{"__symbolic":"reference","name":"TypePureObject"}},"right":{"__symbolic":"reference","name":"TypePurePipe"}},"TypeValueProvider":256,"TypeClassProvider":512,"TypeFactoryProvider":1024,"TypeUseExistingProvider":2048,"LazyProvider":4096,"PrivateProvider":8192,"TypeDirective":16384,"Component":32768,"CatProviderNoDirective":{"__symbolic":"binop","operator":"|","left":{"__symbolic":"binop","operator":"|","left":{"__symbolic":"binop","operator":"|","left":{"__symbolic":"reference","name":"TypeValueProvider"},"right":{"__symbolic":"reference","name":"TypeClassProvider"}},"right":{"__symbolic":"reference","name":"TypeFactoryProvider"}},"right":{"__symbolic":"reference","name":"TypeUseExistingProvider"}},"CatProvider":{"__symbolic":"binop","operator":"|","left":{"__symbolic":"reference","name":"CatProviderNoDirective"},"right":{"__symbolic":"reference","name":"TypeDirective"}},"OnInit":65536,"OnDestroy":131072,"DoCheck":262144,"OnChanges":524288,"AfterContentInit":1048576,"AfterContentChecked":2097152,"AfterViewInit":4194304,"AfterViewChecked":8388608,"EmbeddedViews":16777216,"ComponentView":33554432,"TypeContentQuery":67108864,"TypeViewQuery":134217728,"StaticQuery":268435456,"DynamicQuery":536870912,"TypeNgModule":1073741824,"CatQuery":{"__symbolic":"binop","operator":"|","left":{"__symbolic":"reference","name":"TypeContentQuery"},"right":{"__symbolic":"reference","name":"TypeViewQuery"}},"Types":{"__symbolic":"binop","operator":"|","left":{"__symbolic":"binop","operator":"|","left":{"__symbolic":"binop","operator":"|","left":{"__symbolic":"binop","operator":"|","left":{"__symbolic":"binop","operator":"|","left":{"__symbolic":"reference","name":"CatRenderNode"},"right":{"__symbolic":"reference","name":"TypeNgContent"}},"right":{"__symbolic":"reference","name":"TypePipe"}},"right":{"__symbolic":"reference","name":"CatPureExpression"}},"right":{"__symbolic":"reference","name":"CatProvider"}},"right":{"__symbolic":"reference","name":"CatQuery"}}},"ɵQueryBindingType":{"First":0,"All":1},"ɵQueryValueType":{"ElementRef":0,"RenderElement":1,"TemplateRef":2,"ViewContainerRef":3,"Provider":4},"ɵViewDefinition":{"__symbolic":"interface"},"ɵViewFlags":{"None":0,"OnPush":2},"ɵand":{"__symbolic":"function"},"ɵccf":{"__symbolic":"function","parameters":["selector","componentType","viewDefFactory","inputs","outputs","ngContentSelectors"],"value":{"__symbolic":"error","message":"Reference to non-exported class","line":46,"character":0,"context":{"className":"ComponentFactory_"},"module":"./src/view/refs"}},"ɵcmf":{"__symbolic":"function","parameters":["ngModuleType","bootstrapComponents","defFactory"],"value":{"__symbolic":"error","message":"Reference to non-exported class","line":54,"character":0,"context":{"className":"NgModuleFactory_"},"module":"./src/view/entrypoint"}},"ɵcrt":{"__symbolic":"function","parameters":["values"],"value":{"id":"$$undefined","styles":{"__symbolic":"select","expression":{"__symbolic":"reference","name":"values"},"member":"styles"},"encapsulation":{"__symbolic":"select","expression":{"__symbolic":"reference","name":"values"},"member":"encapsulation"},"data":{"__symbolic":"select","expression":{"__symbolic":"reference","name":"values"},"member":"data"}}},"ɵdid":{"__symbolic":"function"},"ɵeld":{"__symbolic":"function"},"ɵelementEventFullName":{"__symbolic":"function","parameters":["target","name"],"value":{"__symbolic":"if","condition":{"__symbolic":"reference","name":"target"},"thenExpression":{"__symbolic":"binop","operator":"+","left":{"__symbolic":"binop","operator":"+","left":{"__symbolic":"reference","name":"target"},"right":":"},"right":{"__symbolic":"reference","name":"name"}},"elseExpression":{"__symbolic":"reference","name":"name"}}},"ɵgetComponentViewDefinitionFactory":{"__symbolic":"function","parameters":["componentFactory"],"value":{"__symbolic":"select","expression":{"__symbolic":"reference","name":"componentFactory"},"member":"viewDefFactory"}},"ɵinlineInterpolate":{"__symbolic":"function"},"ɵinterpolate":{"__symbolic":"function"},"ɵmod":{"__symbolic":"function"},"ɵmpd":{"__symbolic":"function"},"ɵncd":{"__symbolic":"function","parameters":["ngContentIndex","index"],"value":{"nodeIndex":-1,"parent":null,"renderParent":null,"bindingIndex":-1,"outputIndex":-1,"checkIndex":-1,"flags":{"__symbolic":"select","expression":{"__symbolic":"reference","name":"ɵNodeFlags"},"member":"TypeNgContent"},"childFlags":0,"directChildFlags":0,"childMatchedQueries":0,"matchedQueries":{},"matchedQueryIds":0,"references":{},"ngContentIndex":{"__symbolic":"reference","name":"ngContentIndex"},"childCount":0,"bindings":[],"bindingFlags":0,"outputs":[],"element":null,"provider":null,"text":null,"query":null,"ngContent":{"index":{"__symbolic":"reference","name":"index"}}}},"ɵnov":{"__symbolic":"function"},"ɵpid":{"__symbolic":"function"},"ɵprd":{"__symbolic":"function","parameters":["flags","matchedQueries","token","value","deps"],"value":{"__symbolic":"call","expression":{"__symbolic":"reference","name":"ɵangular_packages_core_core_w"},"arguments":[-1,{"__symbolic":"reference","name":"flags"},{"__symbolic":"reference","name":"matchedQueries"},0,{"__symbolic":"reference","name":"token"},{"__symbolic":"reference","name":"value"},{"__symbolic":"reference","name":"deps"}]}},"ɵpad":{"__symbolic":"function","parameters":["checkIndex","argCount"],"value":{"__symbolic":"error","message":"Reference to a non-exported function","line":33,"character":9,"context":{"name":"_pureExpressionDef"},"module":"./src/view/pure_expression"}},"ɵpod":{"__symbolic":"function"},"ɵppd":{"__symbolic":"function","parameters":["checkIndex","argCount"],"value":{"__symbolic":"error","message":"Reference to a non-exported function","line":33,"character":9,"context":{"name":"_pureExpressionDef"},"module":"./src/view/pure_expression"}},"ɵqud":{"__symbolic":"function"},"ɵted":{"__symbolic":"function"},"ɵunv":{"__symbolic":"function"},"ɵvid":{"__symbolic":"function"},"ɵangular_packages_core_core_bh":{"__symbolic":"call","expression":{"__symbolic":"reference","name":"ɵangular_packages_core_core_bi"},"arguments":[{"ngInjectableDef":{"__symbolic":"reference","name":"ɵangular_packages_core_core_bi"}}]},"ɵangular_packages_core_core_bi":{"__symbolic":"function"},"ɵangular_packages_core_core_bj":{"__symbolic":"interface"},"ɵangular_packages_core_core_bk":{"__symbolic":"function"}},"origins":{"ɵangular_packages_core_core_a":"./src/util/decorators","ɵangular_packages_core_core_b":"./src/util/decorators","ɵangular_packages_core_core_c":"./src/di/injector_compatibility","ɵangular_packages_core_core_d":"./src/di/reflective_injector","ɵangular_packages_core_core_e":"./src/di/reflective_provider","ɵangular_packages_core_core_f":"./src/di/reflective_provider","ɵangular_packages_core_core_g":"./src/application_tokens","ɵangular_packages_core_core_h":"./src/render3/view_engine_compatibility","ɵangular_packages_core_core_i":"./src/render3/view_engine_compatibility","ɵangular_packages_core_core_j":"./src/render3/view_engine_compatibility","ɵangular_packages_core_core_k":"./src/change_detection/differs/default_iterable_differ","ɵangular_packages_core_core_l":"./src/change_detection/differs/default_keyvalue_differ","ɵangular_packages_core_core_m":"./src/application_module","ɵangular_packages_core_core_n":"./src/application_module","ɵangular_packages_core_core_o":"./src/application_module","ɵangular_packages_core_core_p":"./src/application_module","ɵangular_packages_core_core_q":"./src/profile/profile","ɵangular_packages_core_core_r":"./src/profile/wtf_impl","ɵangular_packages_core_core_s":"./src/profile/wtf_impl","ɵangular_packages_core_core_t":"./src/profile/wtf_impl","ɵangular_packages_core_core_u":"./src/profile/wtf_impl","ɵangular_packages_core_core_v":"./src/profile/wtf_impl","ɵangular_packages_core_core_w":"./src/view/provider","ɵangular_packages_core_core_x":"./src/view/services","ɵangular_packages_core_core_y":"./src/view/types","ɵangular_packages_core_core_z":"./src/render3/di","ɵangular_packages_core_core_ba":"./src/render3/instructions","ɵangular_packages_core_core_bb":"./src/render3/state","ɵangular_packages_core_core_bc":"./src/render3/state","ɵangular_packages_core_core_bd":"./src/render3/state","ɵangular_packages_core_core_be":"./src/render3/interfaces/node","ɵangular_packages_core_core_bf":"./src/render3/interfaces/player","ɵangular_packages_core_core_bg":"./src/render3/styling/player_factory","ANALYZE_FOR_ENTRY_COMPONENTS":"./src/metadata/di","Attribute":"./src/metadata/di","ContentChild":"./src/metadata/di","ContentChildDecorator":"./src/metadata/di","ContentChildren":"./src/metadata/di","ContentChildrenDecorator":"./src/metadata/di","Query":"./src/metadata/di","ViewChild":"./src/metadata/di","ViewChildDecorator":"./src/metadata/di","ViewChildren":"./src/metadata/di","ViewChildrenDecorator":"./src/metadata/di","Component":"./src/metadata/directives","ComponentDecorator":"./src/metadata/directives","Directive":"./src/metadata/directives","DirectiveDecorator":"./src/metadata/directives","HostBinding":"./src/metadata/directives","HostListener":"./src/metadata/directives","Input":"./src/metadata/directives","Output":"./src/metadata/directives","Pipe":"./src/metadata/directives","AfterContentChecked":"./src/metadata/lifecycle_hooks","AfterContentInit":"./src/metadata/lifecycle_hooks","AfterViewChecked":"./src/metadata/lifecycle_hooks","AfterViewInit":"./src/metadata/lifecycle_hooks","DoCheck":"./src/metadata/lifecycle_hooks","OnChanges":"./src/metadata/lifecycle_hooks","OnDestroy":"./src/metadata/lifecycle_hooks","OnInit":"./src/metadata/lifecycle_hooks","CUSTOM_ELEMENTS_SCHEMA":"./src/metadata/ng_module","DoBootstrap":"./src/metadata/ng_module","ModuleWithProviders":"./src/metadata/ng_module","NO_ERRORS_SCHEMA":"./src/metadata/ng_module","NgModule":"./src/metadata/ng_module","SchemaMetadata":"./src/metadata/ng_module","ViewEncapsulation":"./src/metadata/view","Version":"./src/version","VERSION":"./src/version","TypeDecorator":"./src/util/decorators","InjectDecorator":"./src/di/metadata","Inject":"./src/di/metadata","OptionalDecorator":"./src/di/metadata","Optional":"./src/di/metadata","SelfDecorator":"./src/di/metadata","Self":"./src/di/metadata","SkipSelfDecorator":"./src/di/metadata","SkipSelf":"./src/di/metadata","HostDecorator":"./src/di/metadata","Host":"./src/di/metadata","InjectableType":"./src/di/defs","InjectorType":"./src/di/defs","defineInjectable":"./src/di/defs","defineInjector":"./src/di/defs","forwardRef":"./src/di/forward_ref","resolveForwardRef":"./src/di/forward_ref","ForwardRefFn":"./src/di/forward_ref","Injectable":"./src/di/injectable","InjectableDecorator":"./src/di/injectable","InjectableProvider":"./src/di/injectable","INJECTOR":"./src/di/injector","Injector":"./src/di/injector","inject":"./src/di/injector_compatibility","InjectFlags":"./src/di/injector_compatibility","ReflectiveInjector":"./src/di/reflective_injector","StaticProvider":"./src/di/provider","ValueProvider":"./src/di/provider","ConstructorSansProvider":"./src/di/provider","ExistingProvider":"./src/di/provider","FactoryProvider":"./src/di/provider","Provider":"./src/di/provider","TypeProvider":"./src/di/provider","ClassProvider":"./src/di/provider","createInjector":"./src/di/r3_injector","ResolvedReflectiveFactory":"./src/di/reflective_provider","ResolvedReflectiveProvider":"./src/di/reflective_provider","ReflectiveKey":"./src/di/reflective_key","InjectionToken":"./src/di/injection_token","createPlatform":"./src/application_ref","assertPlatform":"./src/application_ref","destroyPlatform":"./src/application_ref","getPlatform":"./src/application_ref","PlatformRef":"./src/application_ref","ApplicationRef":"./src/application_ref","createPlatformFactory":"./src/application_ref","NgProbeToken":"./src/application_ref","enableProdMode":"./src/is_dev_mode","isDevMode":"./src/is_dev_mode","APP_ID":"./src/application_tokens","PACKAGE_ROOT_URL":"./src/application_tokens","PLATFORM_INITIALIZER":"./src/application_tokens","PLATFORM_ID":"./src/application_tokens","APP_BOOTSTRAP_LISTENER":"./src/application_tokens","APP_INITIALIZER":"./src/application_init","ApplicationInitStatus":"./src/application_init","NgZone":"./src/zone/ng_zone","ɵNoopNgZone":"./src/zone/ng_zone","RenderComponentType":"./src/render/api","Renderer":"./src/render/api","Renderer2":"./src/render/api","RendererFactory2":"./src/render/api","RendererStyleFlags2":"./src/render/api","RendererType2":"./src/render/api","RootRenderer":"./src/render/api","COMPILER_OPTIONS":"./src/linker/compiler","Compiler":"./src/linker/compiler","CompilerFactory":"./src/linker/compiler","CompilerOptions":"./src/linker/compiler","ModuleWithComponentFactories":"./src/linker/compiler","ComponentFactory":"./src/linker/component_factory","ComponentRef":"./src/linker/component_factory","ComponentFactoryResolver":"./src/linker/component_factory_resolver","ElementRef":"./src/linker/element_ref","NgModuleFactory":"./src/linker/ng_module_factory","NgModuleRef":"./src/linker/ng_module_factory","NgModuleFactoryLoader":"./src/linker/ng_module_factory_loader","getModuleFactory":"./src/linker/ng_module_factory_loader","QueryList":"./src/linker/query_list","SystemJsNgModuleLoader":"./src/linker/system_js_ng_module_factory_loader","SystemJsNgModuleLoaderConfig":"./src/linker/system_js_ng_module_factory_loader","TemplateRef":"./src/linker/template_ref","ViewContainerRef":"./src/linker/view_container_ref","EmbeddedViewRef":"./src/linker/view_ref","ViewRef":"./src/linker/view_ref","DebugElement":"./src/debug/debug_node","DebugNode":"./src/debug/debug_node","asNativeElements":"./src/debug/debug_node","getDebugNode":"./src/debug/debug_node","Predicate":"./src/debug/debug_node","GetTestability":"./src/testability/testability","Testability":"./src/testability/testability","TestabilityRegistry":"./src/testability/testability","setTestabilityGetter":"./src/testability/testability","ChangeDetectionStrategy":"./src/change_detection/constants","ChangeDetectorRef":"./src/change_detection/change_detector_ref","CollectionChangeRecord":"./src/change_detection/differs/iterable_differs","DefaultIterableDiffer":"./src/change_detection/differs/default_iterable_differ","IterableChangeRecord":"./src/change_detection/differs/iterable_differs","IterableChanges":"./src/change_detection/differs/iterable_differs","IterableDiffer":"./src/change_detection/differs/iterable_differs","IterableDifferFactory":"./src/change_detection/differs/iterable_differs","IterableDiffers":"./src/change_detection/differs/iterable_differs","KeyValueChangeRecord":"./src/change_detection/differs/keyvalue_differs","KeyValueChanges":"./src/change_detection/differs/keyvalue_differs","KeyValueDiffer":"./src/change_detection/differs/keyvalue_differs","KeyValueDifferFactory":"./src/change_detection/differs/keyvalue_differs","KeyValueDiffers":"./src/change_detection/differs/keyvalue_differs","NgIterable":"./src/change_detection/differs/iterable_differs","PipeTransform":"./src/change_detection/pipe_transform","SimpleChange":"./src/change_detection/change_detection_util","SimpleChanges":"./src/metadata/lifecycle_hooks","TrackByFunction":"./src/change_detection/differs/iterable_differs","WrappedValue":"./src/change_detection/change_detection_util","platformCore":"./src/platform_core_providers","TRANSLATIONS":"./src/i18n/tokens","TRANSLATIONS_FORMAT":"./src/i18n/tokens","LOCALE_ID":"./src/i18n/tokens","MissingTranslationStrategy":"./src/i18n/tokens","ApplicationModule":"./src/application_module","wtfCreateScope":"./src/profile/profile","wtfLeave":"./src/profile/profile","wtfStartTimeRange":"./src/profile/profile","wtfEndTimeRange":"./src/profile/profile","WtfScopeFn":"./src/profile/wtf_impl","Type":"./src/type","EventEmitter":"./src/event_emitter","ErrorHandler":"./src/error_handler","ɵALLOW_MULTIPLE_PLATFORMS":"./src/application_ref","ɵAPP_ID_RANDOM_PROVIDER":"./src/application_tokens","ɵdefaultIterableDiffers":"./src/change_detection/change_detection","ɵdefaultKeyValueDiffers":"./src/change_detection/change_detection","ɵdevModeEqual":"./src/change_detection/change_detection_util","ɵisListLikeIterable":"./src/change_detection/change_detection_util","ɵChangeDetectorStatus":"./src/change_detection/constants","ɵisDefaultChangeDetectionStrategy":"./src/change_detection/constants","ɵConsole":"./src/console","ɵInjectableDef":"./src/di/defs","ɵInjectorDef":"./src/di/defs","ɵgetInjectableDef":"./src/di/defs","ɵinject":"./src/di/injector_compatibility","ɵsetCurrentInjector":"./src/di/injector_compatibility","ɵAPP_ROOT":"./src/di/scope","ɵivyEnabled":"./src/ivy_switch","ɵComponentFactory":"./src/linker/component_factory","ɵCodegenComponentFactoryResolver":"./src/linker/component_factory_resolver","ɵresolveComponentResources":"./src/metadata/resource_loading","ɵReflectionCapabilities":"./src/reflection/reflection_capabilities","ɵGetterFn":"./src/reflection/types","ɵMethodFn":"./src/reflection/types","ɵSetterFn":"./src/reflection/types","ɵDirectRenderer":"./src/render/api","ɵRenderDebugInfo":"./src/render/api","ɵ_sanitizeHtml":"./src/sanitization/html_sanitizer","ɵ_sanitizeStyle":"./src/sanitization/style_sanitizer","ɵ_sanitizeUrl":"./src/sanitization/url_sanitizer","ɵglobal":"./src/util","ɵlooseIdentical":"./src/util","ɵstringify":"./src/util","ɵmakeDecorator":"./src/util/decorators","ɵisObservable":"./src/util/lang","ɵisPromise":"./src/util/lang","ɵclearOverrides":"./src/view/entrypoint","ɵinitServicesIfNeeded":"./src/view/services","ɵoverrideComponentView":"./src/view/entrypoint","ɵoverrideProvider":"./src/view/entrypoint","ɵNOT_FOUND_CHECK_ONLY_ELEMENT_INJECTOR":"./src/view/provider","ɵdefineBase":"./src/render3/definition","ɵdefineComponent":"./src/render3/definition","ɵdefineDirective":"./src/render3/definition","ɵdefinePipe":"./src/render3/definition","ɵdefineNgModule":"./src/render3/definition","ɵdetectChanges":"./src/render3/instructions","ɵrenderComponent":"./src/render3/component","ɵComponentType":"./src/render3/interfaces/definition","ɵRender3ComponentFactory":"./src/render3/component_ref","ɵRender3ComponentRef":"./src/render3/component_ref","ɵDirectiveType":"./src/render3/interfaces/definition","ɵRenderFlags":"./src/render3/interfaces/definition","ɵdirectiveInject":"./src/render3/instructions","ɵinjectAttribute":"./src/render3/instructions","ɵgetFactoryOf":"./src/render3/di","ɵgetInheritedFactory":"./src/render3/di","ɵtemplateRefExtractor":"./src/render3/view_engine_compatibility_prebound","ɵProvidersFeature":"./src/render3/features/providers_feature","ɵInheritDefinitionFeature":"./src/render3/features/inherit_definition_feature","ɵNgOnChangesFeature":"./src/render3/features/ng_onchanges_feature","ɵLifecycleHooksFeature":"./src/render3/component","ɵNgModuleType":"./src/render3/ng_module_ref","ɵRender3NgModuleRef":"./src/render3/ng_module_ref","ɵCssSelectorList":"./src/render3/interfaces/projection","ɵmarkDirty":"./src/render3/instructions","ɵNgModuleFactory":"./src/render3/ng_module_ref","ɵNO_CHANGE":"./src/render3/tokens","ɵcontainer":"./src/render3/instructions","ɵnextContext":"./src/render3/instructions","ɵelementStart":"./src/render3/instructions","ɵnamespaceHTML":"./src/render3/instructions","ɵnamespaceMathML":"./src/render3/instructions","ɵnamespaceSVG":"./src/render3/instructions","ɵelement":"./src/render3/instructions","ɵlistener":"./src/render3/instructions","ɵtext":"./src/render3/instructions","ɵembeddedViewStart":"./src/render3/instructions","ɵquery":"./src/render3/query","ɵregisterContentQuery":"./src/render3/instructions","ɵprojection":"./src/render3/instructions","ɵbind":"./src/render3/instructions","ɵinterpolation1":"./src/render3/instructions","ɵinterpolation2":"./src/render3/instructions","ɵinterpolation3":"./src/render3/instructions","ɵinterpolation4":"./src/render3/instructions","ɵinterpolation5":"./src/render3/instructions","ɵinterpolation6":"./src/render3/instructions","ɵinterpolation7":"./src/render3/instructions","ɵinterpolation8":"./src/render3/instructions","ɵinterpolationV":"./src/render3/instructions","ɵpipeBind1":"./src/render3/pipe","ɵpipeBind2":"./src/render3/pipe","ɵpipeBind3":"./src/render3/pipe","ɵpipeBind4":"./src/render3/pipe","ɵpipeBindV":"./src/render3/pipe","ɵpureFunction0":"./src/render3/pure_function","ɵpureFunction1":"./src/render3/pure_function","ɵpureFunction2":"./src/render3/pure_function","ɵpureFunction3":"./src/render3/pure_function","ɵpureFunction4":"./src/render3/pure_function","ɵpureFunction5":"./src/render3/pure_function","ɵpureFunction6":"./src/render3/pure_function","ɵpureFunction7":"./src/render3/pure_function","ɵpureFunction8":"./src/render3/pure_function","ɵpureFunctionV":"./src/render3/pure_function","ɵgetCurrentView":"./src/render3/state","ɵrestoreView":"./src/render3/state","ɵcontainerRefreshStart":"./src/render3/instructions","ɵcontainerRefreshEnd":"./src/render3/instructions","ɵqueryRefresh":"./src/render3/query","ɵloadQueryList":"./src/render3/instructions","ɵelementEnd":"./src/render3/instructions","ɵelementProperty":"./src/render3/instructions","ɵprojectionDef":"./src/render3/instructions","ɵreference":"./src/render3/instructions","ɵenableBindings":"./src/render3/state","ɵdisableBindings":"./src/render3/state","ɵelementAttribute":"./src/render3/instructions","ɵelementContainerStart":"./src/render3/instructions","ɵelementContainerEnd":"./src/render3/instructions","ɵelementStyling":"./src/render3/instructions","ɵelementStylingMap":"./src/render3/instructions","ɵelementStyleProp":"./src/render3/instructions","ɵelementStylingApply":"./src/render3/instructions","ɵelementClassProp":"./src/render3/instructions","ɵtextBinding":"./src/render3/instructions","ɵtemplate":"./src/render3/instructions","ɵembeddedViewEnd":"./src/render3/instructions","ɵstore":"./src/render3/instructions","ɵload":"./src/render3/instructions","ɵpipe":"./src/render3/pipe","ɵBaseDef":"./src/render3/interfaces/definition","ɵComponentDef":"./src/render3/interfaces/definition","ɵComponentDefWithMeta":"./src/render3/interfaces/definition","ɵDirectiveDef":"./src/render3/interfaces/definition","ɵDirectiveDefWithMeta":"./src/render3/interfaces/definition","ɵPipeDef":"./src/render3/interfaces/definition","ɵPipeDefWithMeta":"./src/render3/interfaces/definition","ɵwhenRendered":"./src/render3/component","ɵi18n":"./src/render3/i18n","ɵi18nAttributes":"./src/render3/i18n","ɵi18nExp":"./src/render3/i18n","ɵi18nStart":"./src/render3/i18n","ɵi18nEnd":"./src/render3/i18n","ɵi18nApply":"./src/render3/i18n","ɵi18nPostprocess":"./src/render3/i18n","ɵWRAP_RENDERER_FACTORY2":"./src/render3/component_ref","ɵsetClassMetadata":"./src/render3/metadata","ɵRender3DebugRendererFactory2":"./src/render3/debug","ɵcompileComponent":"./src/render3/jit/directive","ɵcompileDirective":"./src/render3/jit/directive","ɵcompileNgModule":"./src/render3/jit/module","ɵcompileNgModuleDefs":"./src/render3/jit/module","ɵpatchComponentDefWithScope":"./src/render3/jit/module","ɵcompilePipe":"./src/render3/jit/pipe","ɵNgModuleDef":"./src/metadata/ng_module","ɵNgModuleDefWithMeta":"./src/metadata/ng_module","ɵNgModuleTransitiveScopes":"./src/metadata/ng_module","ɵsanitizeHtml":"./src/sanitization/sanitization","ɵsanitizeStyle":"./src/sanitization/sanitization","ɵsanitizeUrl":"./src/sanitization/sanitization","ɵsanitizeResourceUrl":"./src/sanitization/sanitization","ɵbypassSanitizationTrustHtml":"./src/sanitization/bypass","ɵbypassSanitizationTrustStyle":"./src/sanitization/bypass","ɵbypassSanitizationTrustScript":"./src/sanitization/bypass","ɵbypassSanitizationTrustUrl":"./src/sanitization/bypass","ɵbypassSanitizationTrustResourceUrl":"./src/sanitization/bypass","ɵgetContext":"./src/render3/context_discovery","ɵPlayer":"./src/render3/interfaces/player","ɵPlayerFactory":"./src/render3/interfaces/player","ɵPlayState":"./src/render3/interfaces/player","ɵPlayerHandler":"./src/render3/interfaces/player","ɵLContext":"./src/render3/interfaces/context","ɵbindPlayerFactory":"./src/render3/styling/player_factory","ɵaddPlayer":"./src/render3/players","ɵgetPlayers":"./src/render3/players","ɵcompileNgModuleFactory__POST_R3__":"./src/application_ref","ɵSWITCH_COMPILE_COMPONENT__POST_R3__":"./src/render3/jit/directive","ɵSWITCH_COMPILE_DIRECTIVE__POST_R3__":"./src/render3/jit/directive","ɵSWITCH_COMPILE_PIPE__POST_R3__":"./src/render3/jit/pipe","ɵSWITCH_COMPILE_NGMODULE__POST_R3__":"./src/render3/jit/module","ɵSWITCH_COMPILE_INJECTABLE__POST_R3__":"./src/render3/jit/injectable","ɵSWITCH_IVY_ENABLED__POST_R3__":"./src/ivy_switch","ɵSWITCH_CHANGE_DETECTOR_REF_FACTORY__POST_R3__":"./src/render3/view_engine_compatibility","ɵSWITCH_ELEMENT_REF_FACTORY__POST_R3__":"./src/render3/view_engine_compatibility","ɵSWITCH_TEMPLATE_REF_FACTORY__POST_R3__":"./src/render3/view_engine_compatibility","ɵSWITCH_VIEW_CONTAINER_REF_FACTORY__POST_R3__":"./src/render3/view_engine_compatibility","ɵSWITCH_RENDERER2_FACTORY__POST_R3__":"./src/render3/view_engine_compatibility","ɵpublishGlobalUtil":"./src/render3/global_utils","ɵpublishDefaultGlobalUtils":"./src/render3/global_utils","ɵSWITCH_INJECTOR_FACTORY__POST_R3__":"./src/di/injector","Sanitizer":"./src/sanitization/security","SecurityContext":"./src/sanitization/security","ɵregisterModuleFactory":"./src/linker/ng_module_factory_loader","ɵArgumentType":"./src/view/types","ɵBindingFlags":"./src/view/types","ɵDepFlags":"./src/view/types","ɵEMPTY_ARRAY":"./src/view/util","ɵEMPTY_MAP":"./src/view/util","ɵNodeFlags":"./src/view/types","ɵQueryBindingType":"./src/view/types","ɵQueryValueType":"./src/view/types","ɵViewDefinition":"./src/view/types","ɵViewFlags":"./src/view/types","ɵand":"./src/view/element","ɵccf":"./src/view/refs","ɵcmf":"./src/view/entrypoint","ɵcrt":"./src/view/util","ɵdid":"./src/view/provider","ɵeld":"./src/view/element","ɵelementEventFullName":"./src/view/util","ɵgetComponentViewDefinitionFactory":"./src/view/refs","ɵinlineInterpolate":"./src/view/util","ɵinterpolate":"./src/view/util","ɵmod":"./src/view/ng_module","ɵmpd":"./src/view/ng_module","ɵncd":"./src/view/ng_content","ɵnov":"./src/view/refs","ɵpid":"./src/view/provider","ɵprd":"./src/view/provider","ɵpad":"./src/view/pure_expression","ɵpod":"./src/view/pure_expression","ɵppd":"./src/view/pure_expression","ɵqud":"./src/view/query","ɵted":"./src/view/text","ɵunv":"./src/view/util","ɵvid":"./src/view/view","ɵangular_packages_core_core_bh":"./src/render3/fields","ɵangular_packages_core_core_bi":"./src/util/property","ɵangular_packages_core_core_bj":"./src/render3/interfaces/view","ɵangular_packages_core_core_bk":"./src/render3/util"},"importAs":"@angular/core"}