{"__symbolic":"module","version":4,"metadata":{"RouterUpgradeInitializer":{"provide":{"__symbolic":"reference","module":"@angular/core","name":"APP_BOOTSTRAP_LISTENER","line":37,"character":11},"multi":true,"useFactory":{"__symbolic":"reference","name":"locationSyncBootstrapListener"},"deps":[{"__symbolic":"reference","module":"@angular/upgrade/static","name":"UpgradeModule","line":40,"character":9}]},"locationSyncBootstrapListener":{"__symbolic":"function","parameters":["ngUpgrade"],"value":{"__symbolic":"error","message":"Lambda not supported","line":47,"character":9,"module":"./src/upgrade"}},"setUpLocationSync":{"__symbolic":"function"}},"origins":{"RouterUpgradeInitializer":"./src/upgrade","locationSyncBootstrapListener":"./src/upgrade","setUpLocationSync":"./src/upgrade"},"importAs":"@angular/router/upgrade"}